Time,Sno,Temperature,Humidity,Ground Radiation Intensity,Radiation Intensity in Upper Atmospher,Power Gen
12/1/19 0:00,1,-10.687,0.001,0,0,0
12/1/19 1:00,2,-10.623,0.001,0,0,0
12/1/19 2:00,3,-10.564,0.001,0,0,0
12/1/19 3:00,4,-10.954,0.001,0,0,0
12/1/19 4:00,5,-11.344,0.001,0,0,0
12/1/19 5:00,6,-11.784,0.001,0,0,0
12/1/19 6:00,7,-12.119,0.001,0.148,0.897,0
12/1/19 7:00,8,-12.49,0.001,22.885,72.842,38.256
12/1/19 8:00,9,-11.949,0.001,103.855,238.698,332.178
12/1/19 9:00,10,-11.005,0.001,191.521,375.545,675.737
12/1/19 10:00,11,-10.212,0.001,249.671,460.775,914.508
12/1/19 11:00,12,-9.846,0.001,262.523,488.587,928.676
12/1/19 12:00,13,-9.912,0.001,223.905,457.05,604.69
12/1/19 13:00,14,-10.12,0.001,155.061,368.35,397.029
12/1/19 14:00,15,-10.512,0.001,79.675,228.503,222.08
12/1/19 15:00,16,-11.603,0.001,16.124,57.413,22.078
12/1/19 16:00,17,-12.738,0.001,0.011,0.051,0
12/1/19 17:00,18,-13.152,0.001,0,0,0
12/1/19 18:00,19,-13.568,0.001,0,0,0
12/1/19 19:00,20,-13.989,0.001,0,0,0
12/1/19 20:00,21,-14.095,0.001,0,0,0
12/1/19 21:00,22,-14.045,0.001,0,0,0
12/1/19 22:00,23,-13.784,0.001,0,0,0
12/1/19 23:00,24,-13.643,0.001,0,0,0
12/2/19 0:00,25,-13.606,0.001,0,0,0
12/2/19 1:00,26,-13.654,0.001,0,0,0
12/2/19 2:00,27,-13.824,0.001,0,0,0
12/2/19 3:00,28,-14.001,0.001,0,0,0
12/2/19 4:00,29,-14.028,0.001,0,0,0
12/2/19 5:00,30,-13.939,0.001,0,0,0
12/2/19 6:00,31,-13.829,0.001,0.14,0.769,0
12/2/19 7:00,32,-13.71,0.001,19.738,70.508,8.312
12/2/19 8:00,33,-13.054,0.001,83.104,235.405,132.684
12/2/19 9:00,34,-12.223,0.001,150.98,372.149,349.34
12/2/19 10:00,35,-11.86,0.001,194.709,457.323,364.497
12/2/19 11:00,36,-11.711,0.001,188.251,485.114,550.994
12/2/19 12:00,37,-11.896,0.001,155.888,453.62,484.677
12/2/19 13:00,38,-12.353,0.001,107.859,364.991,342.354
12/2/19 14:00,39,-12.959,0.001,55.482,225.261,160.001
12/2/19 15:00,40,-13.574,0.001,10.685,55.155,3.393
12/2/19 16:00,41,-14.263,0.001,0.006,0.036,0
12/2/19 17:00,42,-14.824,0.001,0,0,0
12/2/19 18:00,43,-15.278,0.001,0,0,0
12/2/19 19:00,44,-15.348,0.001,0,0,0
12/2/19 20:00,45,-15.628,0.001,0,0,0
12/2/19 21:00,46,-16.087,0.001,0,0,0
12/2/19 22:00,47,-16.531,0.001,0,0,0
12/2/19 23:00,48,-16.954,0.001,0,0,0
12/3/19 0:00,49,-17.21,0.001,0,0,0
12/3/19 1:00,50,-17.486,0.001,0,0,0
12/3/19 2:00,51,-17.639,0.001,0,0,0
12/3/19 3:00,52,-17.715,0.001,0,0,0
12/3/19 4:00,53,-17.732,0.001,0,0,0
12/3/19 5:00,54,-17.76,0.001,0,0,0
12/3/19 6:00,55,-17.944,0.001,0.135,0.66,0
12/3/19 7:00,56,-18.214,0.001,23.195,68.309,32.14
12/3/19 8:00,57,-18.364,0.001,102.65,232.263,319.039
12/3/19 9:00,58,-18.418,0.001,177.064,368.911,772.246
12/3/19 10:00,59,-18.479,0.001,214.72,454.024,1178.721
12/3/19 11:00,60,-18.608,0.001,216.347,481.797,1276.216
12/3/19 12:00,61,-18.905,0.001,189.097,450.331,870.491
12/3/19 13:00,62,-19.33,0.001,136.465,361.774,524.762
12/3/19 14:00,63,-19.799,0.001,72.505,222.157,242.303
12/3/19 15:00,64,-20.322,0.001,14.652,53.035,24.654
12/3/19 16:00,65,-20.694,0.001,0.006,0.026,0
12/3/19 17:00,66,-21.093,0.001,0,0,0
12/3/19 18:00,67,-21.401,0.001,0,0,0
12/3/19 19:00,68,-21.649,0,0,0,0
12/3/19 20:00,69,-21.882,0,0,0,0
12/3/19 21:00,70,-22.122,0,0,0,0
12/3/19 22:00,71,-22.325,0,0,0,0
12/3/19 23:00,72,-22.469,0,0,0,0
12/4/19 0:00,73,-22.486,0,0,0,0
12/4/19 1:00,74,-22.469,0,0,0,0
12/4/19 2:00,75,-22.484,0,0,0,0
12/4/19 3:00,76,-22.517,0,0,0,0
12/4/19 4:00,77,-22.665,0,0,0,0
12/4/19 5:00,78,-22.84,0,0,0,0
12/4/19 6:00,79,-23.002,0,0.126,0.564,0
12/4/19 7:00,80,-23.195,0,25.419,66.238,75.568
12/4/19 8:00,81,-22.944,0,111.269,229.259,416.254
12/4/19 9:00,82,-22.486,0,201.913,365.808,820.825
12/4/19 10:00,83,-21.989,0,260.779,450.867,1155.189
12/4/19 11:00,84,-21.412,0,276.785,478.626,1291.598
12/4/19 12:00,85,-21.006,0.001,253.188,447.192,1084.563
12/4/19 13:00,86,-20.861,0.001,188.146,358.705,751.225
12/4/19 14:00,87,-21.036,0.001,99.528,219.192,366.938
12/4/19 15:00,88,-21.432,0.001,19.06,51.051,49.908
12/4/19 16:00,89,-21.878,0,0.004,0.018,0
12/4/19 17:00,90,-22.24,0,0,0,0
12/4/19 18:00,91,-22.53,0,0,0,0
12/4/19 19:00,92,-22.729,0,0,0,0
12/4/19 20:00,93,-22.831,0,0,0,0
12/4/19 21:00,94,-22.894,0,0,0,0
12/4/19 22:00,95,-22.932,0,0,0,0
12/4/19 23:00,96,-22.914,0,0,0,0
12/5/19 0:00,97,-22.855,0,0,0,0
12/5/19 1:00,98,-22.936,0,0,0,0
12/5/19 2:00,99,-23.123,0,0,0,0
12/5/19 3:00,100,-23.362,0,0,0,0
12/5/19 4:00,101,-23.658,0,0,0,0
12/5/19 5:00,102,-24.055,0,0,0,0
12/5/19 6:00,103,-24.415,0,0.1,0.483,0
12/5/19 7:00,104,-24.49,0,25.882,64.296,182.597
12/5/19 8:00,105,-23.409,0,122.934,226.401,1057.845
12/5/19 9:00,106,-22.005,0,228.787,362.865,2043.45
12/5/19 10:00,107,-20.623,0,299.072,447.867,2664.695
12/5/19 11:00,108,-19.639,0.001,319.982,475.614,2807.876
12/5/19 12:00,109,-18.946,0.001,295.612,444.209,2949.992
12/5/19 13:00,110,-18.863,0.001,223.246,355.789,2424.772
12/5/19 14:00,111,-19.282,0.001,119.887,216.375,1790.034
12/5/19 15:00,112,-20.453,0.001,21.194,49.199,443.418
12/5/19 16:00,113,-21.797,0.001,0.003,0.012,0
12/5/19 17:00,114,-22.672,0,0,0,0
12/5/19 18:00,115,-23.205,0,0,0,0
12/5/19 19:00,116,-23.464,0,0,0,0
12/5/19 20:00,117,-23.612,0,0,0,0
12/5/19 21:00,118,-23.746,0,0,0,0
12/5/19 22:00,119,-23.879,0,0,0,0
12/5/19 23:00,120,-23.898,0,0,0,0
12/6/19 0:00,121,-23.988,0,0,0,0
12/6/19 1:00,122,-24.29,0,0,0,0
12/6/19 2:00,123,-24.382,0,0,0,0
12/6/19 3:00,124,-24.318,0,0,0,0
12/6/19 4:00,125,-24.188,0,0,0,0
12/6/19 5:00,126,-24.055,0,0,0,0
12/6/19 6:00,127,-23.887,0,0.118,0.413,0
12/6/19 7:00,128,-23.445,0,29.301,62.477,315.013
12/6/19 8:00,129,-21.557,0.001,118.716,223.694,1363.429
12/6/19 9:00,130,-19.356,0.001,206.415,360.069,1575.576
12/6/19 10:00,131,-17.595,0.001,264.923,445.023,1208.837
12/6/19 11:00,132,-16.395,0.001,283.79,472.76,1570.214
12/6/19 12:00,133,-15.551,0.001,256.488,441.38,2231.379
12/6/19 13:00,134,-15.23,0.001,187.097,353.025,1714.704
12/6/19 14:00,135,-15.399,0.001,93.376,213.708,528.794
12/6/19 15:00,136,-15.886,0.001,15.262,47.473,49.651
12/6/19 16:00,137,-16.094,0.001,0.002,0.008,0
12/6/19 17:00,138,-15.983,0.001,0,0,0
12/6/19 18:00,139,-15.812,0.001,0,0,0
12/6/19 19:00,140,-16.162,0.001,0,0,0
12/6/19 20:00,141,-17.199,0.001,0,0,0
12/6/19 21:00,142,-17.48,0.001,0,0,0
12/6/19 22:00,143,-17.668,0.001,0,0,0
12/6/19 23:00,144,-17.977,0.001,0,0,0
12/7/19 0:00,145,-18.591,0.001,0,0,0
12/7/19 1:00,146,-19.173,0.001,0,0,0
12/7/19 2:00,147,-19.37,0.001,0,0,0
12/7/19 3:00,148,-19.693,0.001,0,0,0
12/7/19 4:00,149,-20.095,0.001,0,0,0
12/7/19 5:00,150,-20.09,0.001,0,0,0
12/7/19 6:00,151,-19.833,0.001,0.037,0.355,0
12/7/19 7:00,152,-20.056,0.001,16.686,60.781,161.457
12/7/19 8:00,153,-19.059,0.001,93.24,221.134,1174.306
12/7/19 9:00,154,-17.642,0.001,196.649,357.422,2277.812
12/7/19 10:00,155,-16.302,0.001,276.913,442.334,3159.228
12/7/19 11:00,156,-15.416,0.001,303.66,470.061,3025.777
12/7/19 12:00,157,-15.051,0.001,279.537,438.71,2360.99
12/7/19 13:00,158,-15.004,0.001,210.787,350.413,1757.644
12/7/19 14:00,159,-15.327,0.001,113.197,211.182,1055.838
12/7/19 15:00,160,-15.917,0.001,19.88,45.873,111.986
12/7/19 16:00,161,-16.415,0.001,0.001,0.005,0
12/7/19 17:00,162,-16.802,0.001,0,0,0
12/7/19 18:00,163,-17.463,0.001,0,0,0
12/7/19 19:00,164,-18.889,0.001,0,0,0
12/7/19 20:00,165,-20.902,0.001,0,0,0
12/7/19 21:00,166,-21.503,0.001,0,0,0
12/7/19 22:00,167,-21.762,0.001,0,0,0
12/7/19 23:00,168,-22.141,0.001,0,0,0
12/8/19 0:00,169,-22.417,0.001,0,0,0
12/8/19 1:00,170,-22.606,0.001,0,0,0
12/8/19 2:00,171,-22.767,0.001,0,0,0
12/8/19 3:00,172,-22.775,0.001,0,0,0
12/8/19 4:00,173,-22.559,0.001,0,0,0
12/8/19 5:00,174,-22.252,0.001,0,0,0
12/8/19 6:00,175,-22.05,0,0.081,0.304,0
12/8/19 7:00,176,-21.949,0,27.114,59.204,775.333
12/8/19 8:00,177,-20.157,0.001,126.218,218.725,2458.568
12/8/19 9:00,178,-17.343,0.001,237.213,354.937,3194.836
12/8/19 10:00,179,-14.716,0.001,313.296,439.807,3457.186
12/8/19 11:00,180,-13.278,0.001,338.343,467.522,3527.857
12/8/19 12:00,181,-12.388,0.001,311.897,436.198,3479.131
12/8/19 13:00,182,-12.244,0.001,234.084,347.955,3225.178
12/8/19 14:00,183,-13.275,0.001,121.891,208.812,2524.092
12/8/19 15:00,184,-16.976,0.001,18.351,44.393,645.073
12/8/19 16:00,185,-18.811,0.001,0.001,0.003,0
12/8/19 17:00,186,-19.291,0.001,0,0,0
12/8/19 18:00,187,-19.926,0.001,0,0,0
12/8/19 19:00,188,-20.318,0.001,0,0,0
12/8/19 20:00,189,-20.485,0.001,0,0,0
12/8/19 21:00,190,-20.417,0.001,0,0,0
12/8/19 22:00,191,-20.059,0.001,0,0,0
12/8/19 23:00,192,-19.656,0.001,0,0,0
12/9/19 0:00,193,-19.081,0.001,0,0,0
12/9/19 1:00,194,-18.563,0.001,0,0,0
12/9/19 2:00,195,-18.127,0.001,0,0,0
12/9/19 3:00,196,-17.39,0.001,0,0,0
12/9/19 4:00,197,-16.645,0.001,0,0,0
12/9/19 5:00,198,-16.198,0.001,0,0,0
12/9/19 6:00,199,-15.774,0.001,0.056,0.262,0
12/9/19 7:00,200,-15.3,0.001,15.329,57.743,20.602
12/9/19 8:00,201,-14.371,0.001,65.906,216.468,131.894
12/9/19 9:00,202,-13.16,0.001,119.096,352.615,323.7
12/9/19 10:00,203,-11.939,0.001,152.912,437.442,427.941
12/9/19 11:00,204,-11.016,0.001,160.811,465.152,493.587
12/9/19 12:00,205,-10.773,0.001,140.45,433.844,341.528
12/9/19 13:00,206,-10.968,0.001,99.887,345.657,227.883
12/9/19 14:00,207,-11.47,0.001,49.98,206.598,70.077
12/9/19 15:00,208,-12.134,0.001,8.782,43.031,0
12/9/19 16:00,209,-12.794,0.001,0,0.002,0
12/9/19 17:00,210,-13.097,0.001,0,0,0
12/9/19 18:00,211,-12.949,0.001,0,0,0
12/9/19 19:00,212,-12.95,0.001,0,0,0
12/9/19 20:00,213,-13.03,0.001,0,0,0
12/9/19 21:00,214,-13.238,0.001,0,0,0
12/9/19 22:00,215,-13.575,0.001,0,0,0
12/9/19 23:00,216,-13.932,0.001,0,0,0
12/10/19 0:00,217,-14.247,0.001,0,0,0
12/10/19 1:00,218,-14.546,0.001,0,0,0
12/10/19 2:00,219,-14.928,0.001,0,0,0
12/10/19 3:00,220,-15.656,0.001,0,0,0
12/10/19 4:00,221,-16.163,0.001,0,0,0
12/10/19 5:00,222,-16.503,0.001,0,0,0
12/10/19 6:00,223,-17.077,0.001,0.035,0.226,0
12/10/19 7:00,224,-17.309,0.001,20.117,56.398,96.165
12/10/19 8:00,225,-15.814,0.001,106.534,214.365,866.87
12/10/19 9:00,226,-14.238,0.001,210.621,350.446,1912.407
12/10/19 10:00,227,-12.809,0.001,288.815,435.237,2699.905
12/10/19 11:00,228,-11.629,0.001,317.952,462.937,3308.589
12/10/19 12:00,229,-11.004,0.001,291.842,431.657,3373.738
12/10/19 13:00,230,-10.989,0.001,211.051,343.517,3002.39
12/10/19 14:00,231,-11.992,0.001,100.145,204.53,2376.25
12/10/19 15:00,232,-15.256,0.001,12.934,41.782,492.846
12/10/19 16:00,233,-16.756,0.001,0,0.001,0
12/10/19 17:00,234,-16.592,0.001,0,0,0
12/10/19 18:00,235,-16.21,0.001,0,0,0
12/10/19 19:00,236,-16.007,0.001,0,0,0
12/10/19 20:00,237,-15.918,0.001,0,0,0
12/10/19 21:00,238,-15.89,0.001,0,0,0
12/10/19 22:00,239,-15.91,0.001,0,0,0
12/10/19 23:00,240,-16.009,0.001,0,0,0
12/11/19 0:00,241,-16.154,0.001,0,0,0
12/11/19 1:00,242,-16.425,0.001,0,0,0
12/11/19 2:00,243,-16.868,0.001,0,0,0
12/11/19 3:00,244,-17.257,0.001,0,0,0
12/11/19 4:00,245,-17.52,0.001,0,0,0
12/11/19 5:00,246,-17.444,0.001,0,0,0
12/11/19 6:00,247,-17.323,0.001,0.03,0.196,0
12/11/19 7:00,248,-17.133,0.001,13.68,55.165,97.815
12/11/19 8:00,249,-15.901,0.001,72.273,212.421,495.59
12/11/19 9:00,250,-14.21,0.001,140.541,348.436,925.28
12/11/19 10:00,251,-12.779,0.001,189.377,433.2,1434.64
12/11/19 11:00,252,-11.776,0.001,205.743,460.895,1689.036
12/11/19 12:00,253,-11.416,0.001,188.066,429.631,1557.207
12/11/19 13:00,254,-11.589,0.001,141.951,341.541,1230.675
12/11/19 14:00,255,-12.636,0.001,73.989,202.621,778.569
12/11/19 15:00,256,-15.33,0.001,11.924,40.645,122.85
12/11/19 16:00,257,-17.118,0.001,0,0.001,0
12/11/19 17:00,258,-17.686,0.001,0,0,0
12/11/19 18:00,259,-18.303,0.001,0,0,0
12/11/19 19:00,260,-19.165,0.001,0,0,0
12/11/19 20:00,261,-19.945,0.001,0,0,0
12/11/19 21:00,262,-20.267,0.001,0,0,0
12/11/19 22:00,263,-20.553,0.001,0,0,0
12/11/19 23:00,264,-20.923,0.001,0,0,0
12/12/19 0:00,265,-20.942,0.001,0,0,0
12/12/19 1:00,266,-20.547,0.001,0,0,0
12/12/19 2:00,267,-20.472,0.001,0,0,0
12/12/19 3:00,268,-20.56,0.001,0,0,0
12/12/19 4:00,269,-20.631,0.001,0,0,0
12/12/19 5:00,270,-20.76,0.001,0,0,0
12/12/19 6:00,271,-20.852,0.001,0.04,0.171,0
12/12/19 7:00,272,-20.701,0.001,22.467,54.042,235.979
12/12/19 8:00,273,-19.356,0.001,109.601,210.636,915.709
12/12/19 9:00,274,-17.818,0.001,213.768,346.59,2094.111
12/12/19 10:00,275,-16.358,0.001,293.116,431.324,2700.193
12/12/19 11:00,276,-15.136,0.001,322.013,459.017,3090.87
12/12/19 12:00,277,-14.348,0.001,294.878,427.771,3097.229
12/12/19 13:00,278,-14.02,0.001,222.306,339.728,2750.448
12/12/19 14:00,279,-14.355,0.001,115.2,200.869,1860.631
12/12/19 15:00,280,-15.865,0.001,17.418,39.614,325.128
12/12/19 16:00,281,-17.241,0.001,0,0.001,0
12/12/19 17:00,282,-17.648,0.001,0,0,0
12/12/19 18:00,283,-17.481,0.001,0,0,0
12/12/19 19:00,284,-17.174,0.001,0,0,0
12/12/19 20:00,285,-16.955,0.001,0,0,0
12/12/19 21:00,286,-16.709,0.001,0,0,0
12/12/19 22:00,287,-16.199,0.001,0,0,0
12/12/19 23:00,288,-16.118,0.001,0,0,0
12/13/19 0:00,289,-16.149,0.001,0,0,0
12/13/19 1:00,290,-16.047,0.001,0,0,0
12/13/19 2:00,291,-15.865,0.001,0,0,0
12/13/19 3:00,292,-15.731,0.001,0,0,0
12/13/19 4:00,293,-15.443,0.001,0,0,0
12/13/19 5:00,294,-15.127,0.001,0,0,0
12/13/19 6:00,295,-14.922,0.001,0.027,0.151,0
12/13/19 7:00,296,-14.706,0.001,14.551,53.026,8.502
12/13/19 8:00,297,-13.981,0.001,72.819,209.001,139.857
12/13/19 9:00,298,-12.961,0.001,139.585,344.91,423.902
12/13/19 10:00,299,-11.938,0.001,181.466,429.616,791.226
12/13/19 11:00,300,-10.978,0.001,187.613,457.313,955.384
12/13/19 12:00,301,-10.268,0.001,175.112,426.08,972.695
12/13/19 13:00,302,-9.983,0.001,132.255,338.071,718.465
12/13/19 14:00,303,-10.365,0.001,70.655,199.275,371.806
12/13/19 15:00,304,-12.039,0.001,11.687,38.688,30.386
12/13/19 16:00,305,-13.039,0.001,0,0,0
12/13/19 17:00,306,-13.743,0.001,0,0,0
12/13/19 18:00,307,-14.884,0.001,0,0,0
12/13/19 19:00,308,-15.822,0.001,0,0,0
12/13/19 20:00,309,-16.357,0.001,0,0,0
12/13/19 21:00,310,-16.772,0.001,0,0,0
12/13/19 22:00,311,-17.274,0.001,0,0,0
12/13/19 23:00,312,-17.525,0.001,0,0,0
12/14/19 0:00,313,-17.81,0.001,0,0,0
12/14/19 1:00,314,-18.486,0.001,0,0,0
12/14/19 2:00,315,-19.097,0.001,0,0,0
12/14/19 3:00,316,-19.54,0.001,0,0,0
12/14/19 4:00,317,-20.183,0.001,0,0,0
12/14/19 5:00,318,-20.778,0.001,0,0,0
12/14/19 6:00,319,-21.222,0.001,0.025,0.133,0
12/14/19 7:00,320,-21.359,0.001,21.648,52.116,642.395
12/14/19 8:00,321,-19.521,0.001,109.192,207.532,2254.359
12/14/19 9:00,322,-16.071,0.001,211.815,343.395,3084.783
12/14/19 10:00,323,-14.146,0.001,285.151,428.081,3362.492
12/14/19 11:00,324,-13.031,0.001,310.147,455.769,3419.146
12/14/19 12:00,325,-12.83,0.001,279.964,424.565,2806.792
12/14/19 13:00,326,-13.228,0.001,204.392,336.59,1509.017
12/14/19 14:00,327,-14.001,0.001,102.905,197.84,569.197
12/14/19 15:00,328,-14.96,0.001,14.878,37.863,48.904
12/14/19 16:00,329,-15.789,0.001,0,0,0
12/14/19 17:00,330,-16.134,0.001,0,0,0
12/14/19 18:00,331,-16.475,0.001,0,0,0
12/14/19 19:00,332,-16.865,0.001,0,0,0
12/14/19 20:00,333,-17.042,0.001,0,0,0
12/14/19 21:00,334,-17.267,0.001,0,0,0
12/14/19 22:00,335,-17.078,0.001,0,0,0
12/14/19 23:00,336,-16.872,0.001,0,0,0
12/15/19 0:00,337,-16.551,0.001,0,0,0
12/15/19 1:00,338,-16.064,0.001,0,0,0
12/15/19 2:00,339,-15.497,0.001,0,0,0
12/15/19 3:00,340,-14.855,0.001,0,0,0
12/15/19 4:00,341,-14.377,0.001,0,0,0
12/15/19 5:00,342,-14.158,0.001,0,0,0
12/15/19 6:00,343,-14.334,0.001,0.022,0.119,0
12/15/19 7:00,344,-14.475,0.001,17.789,51.311,175.689
12/15/19 8:00,345,-12.93,0.001,84.239,206.221,550.116
12/15/19 9:00,346,-11.015,0.001,155.611,342.043,917.341
12/15/19 10:00,347,-9.458,0.001,199.94,426.721,1142.375
12/15/19 11:00,348,-8.307,0.001,211.068,454.407,1090.491
12/15/19 12:00,349,-7.752,0.002,188.56,423.217,717.682
12/15/19 13:00,350,-7.829,0.002,140.019,335.272,421.89
12/15/19 14:00,351,-8.299,0.002,73.3,196.563,179.777
12/15/19 15:00,352,-9.237,0.002,11.65,37.139,10.525
12/15/19 16:00,353,-9.671,0.001,0,0,0
12/15/19 17:00,354,-9.584,0.001,0,0,0
12/15/19 18:00,355,-9.66,0.001,0,0,0
12/15/19 19:00,356,-10.289,0.001,0,0,0
12/15/19 20:00,357,-11.815,0.001,0,0,0
12/15/19 21:00,358,-13.416,0.001,0,0,0
12/15/19 22:00,359,-13.781,0.001,0,0,0
12/15/19 23:00,360,-13.975,0.001,0,0,0
12/16/19 0:00,361,-13.947,0.001,0,0,0
12/16/19 1:00,362,-14.135,0.001,0,0,0
12/16/19 2:00,363,-14.122,0.001,0,0,0
12/16/19 3:00,364,-14.341,0.001,0,0,0
12/16/19 4:00,365,-14.439,0.001,0,0,0
12/16/19 5:00,366,-14.477,0.001,0,0,0
12/16/19 6:00,367,-14.599,0.001,0.016,0.108,0
12/16/19 7:00,368,-14.567,0.001,15.371,50.608,143.729
12/16/19 8:00,369,-12.655,0.001,82.823,205.069,961.675
12/16/19 9:00,370,-9.962,0.001,173.053,340.865,2180.532
12/16/19 10:00,371,-7.715,0.002,231.843,425.53,2209.677
12/16/19 11:00,372,-5.921,0.002,239.088,453.213,2050.752
12/16/19 12:00,373,-5.253,0.002,196.559,422.036,1328.339
12/16/19 13:00,374,-5.474,0.002,127.302,334.117,645.681
12/16/19 14:00,375,-6.692,0.002,53.964,195.445,208.26
12/16/19 15:00,376,-8.39,0.002,5.581,36.51,6.931
12/16/19 16:00,377,-8.845,0.002,0,0,0
12/16/19 17:00,378,-8.217,0.002,0,0,0
12/16/19 18:00,379,-7.825,0.002,0,0,0
12/16/19 19:00,380,-7.602,0.002,0,0,0
12/16/19 20:00,381,-7.434,0.002,0,0,0
12/16/19 21:00,382,-7.279,0.002,0,0,0
12/16/19 22:00,383,-7.153,0.002,0,0,0
12/16/19 23:00,384,-7.108,0.002,0,0,0
12/17/19 0:00,385,-7.17,0.002,0,0,0
12/17/19 1:00,386,-7.312,0.002,0,0,0
12/17/19 2:00,387,-7.616,0.002,0,0,0
12/17/19 3:00,388,-7.96,0.002,0,0,0
12/17/19 4:00,389,-8.539,0.002,0,0,0
12/17/19 5:00,390,-8.876,0.002,0,0,0
12/17/19 6:00,391,-9.496,0.001,0.004,0.099,0
12/17/19 7:00,392,-10.214,0.001,7.847,50.005,1.65
12/17/19 8:00,393,-10.797,0.001,63.491,204.083,128.093
12/17/19 9:00,394,-11.137,0.001,144.245,339.853,441.481
12/17/19 10:00,395,-11.222,0.001,211.105,424.505,1019.248
12/17/19 11:00,396,-11.192,0.001,241.163,452.194,1888.315
12/17/19 12:00,397,-11.336,0.001,231.12,421.027,2405.259
12/17/19 13:00,398,-11.822,0.001,179.71,333.139,2827.898
12/17/19 14:00,399,-12.833,0.001,96.87,194.492,2184.873
12/17/19 15:00,400,-15.472,0.001,14.823,35.977,434.584
12/17/19 16:00,401,-18.82,0.001,0,0,0
12/17/19 17:00,402,-20.437,0.001,0,0,0
12/17/19 18:00,403,-21.236,0.001,0,0,0
12/17/19 19:00,404,-21.758,0.001,0,0,0
12/17/19 20:00,405,-21.831,0.001,0,0,0
12/17/19 21:00,406,-22.272,0.001,0,0,0
12/17/19 22:00,407,-22.832,0.001,0,0,0
12/17/19 23:00,408,-23.244,0.001,0,0,0
12/18/19 0:00,409,-23.473,0.001,0,0,0
12/18/19 1:00,410,-23.605,0,0,0,0
12/18/19 2:00,411,-23.759,0,0,0,0
12/18/19 3:00,412,-24.039,0,0,0,0
12/18/19 4:00,413,-24.321,0,0,0,0
12/18/19 5:00,414,-24.64,0,0,0,0
12/18/19 6:00,415,-24.893,0,0.022,0.091,0
12/18/19 7:00,416,-24.898,0,23.399,49.502,807.424
12/18/19 8:00,417,-23.496,0,119.014,203.254,2222.926
12/18/19 9:00,418,-19.587,0.001,226.287,339.004,2862.509
12/18/19 10:00,419,-17.134,0.001,300.781,423.659,2865.315
12/18/19 11:00,420,-16.2,0.001,328.235,451.345,2776.64
12/18/19 12:00,421,-15.645,0.001,302.341,420.197,2727.09
12/18/19 13:00,422,-15.637,0.001,224.417,332.318,2477.287
12/18/19 14:00,423,-16.475,0.001,111.27,193.703,1520.281
12/18/19 15:00,424,-19.031,0.001,14.628,35.537,255.518
12/18/19 16:00,425,-21.309,0.001,0,0,0
12/18/19 17:00,426,-22.434,0.001,0,0,0
12/18/19 18:00,427,-23.13,0.001,0,0,0
12/18/19 19:00,428,-23.042,0.001,0,0,0
12/18/19 20:00,429,-22.783,0.001,0,0,0
12/18/19 21:00,430,-22.636,0.001,0,0,0
12/18/19 22:00,431,-22.58,0.001,0,0,0
12/18/19 23:00,432,-22.52,0.001,0,0,0
12/19/19 0:00,433,-22.408,0.001,0,0,0
12/19/19 1:00,434,-22.225,0,0,0,0
12/19/19 2:00,435,-21.952,0,0,0,0
12/19/19 3:00,436,-21.664,0,0,0,0
12/19/19 4:00,437,-21.573,0,0,0,0
12/19/19 5:00,438,-21.797,0,0,0,0
12/19/19 6:00,439,-22.027,0,0.015,0.086,0
12/19/19 7:00,440,-22.123,0,17.624,49.097,161.225
12/19/19 8:00,441,-20.413,0,94.427,202.591,513.197
12/19/19 9:00,442,-18.378,0.001,189.696,338.336,1013.306
12/19/19 10:00,443,-17.044,0.001,261.732,422.985,1459.265
12/19/19 11:00,444,-16.112,0.001,284.946,450.685,1384.543
12/19/19 12:00,445,-15.836,0.001,260.704,419.536,795.522
12/19/19 13:00,446,-16.001,0.001,189.64,331.671,374.134
12/19/19 14:00,447,-16.395,0.001,91.207,193.078,141.513
12/19/19 15:00,448,-16.993,0.001,12.678,35.189,1.311
12/19/19 16:00,449,-17.928,0.001,0,0,0
12/19/19 17:00,450,-18.875,0.001,0,0,0
12/19/19 18:00,451,-19.427,0.001,0,0,0
12/19/19 19:00,452,-19.715,0.001,0,0,0
12/19/19 20:00,453,-19.673,0.001,0,0,0
12/19/19 21:00,454,-19.926,0.001,0,0,0
12/19/19 22:00,455,-20.338,0.001,0,0,0
12/19/19 23:00,456,-20.162,0.001,0,0,0
12/20/19 0:00,457,-20.046,0.001,0,0,0
12/20/19 1:00,458,-20.144,0,0,0,0
12/20/19 2:00,459,-20.176,0,0,0,0
12/20/19 3:00,460,-20.437,0,0,0,0
12/20/19 4:00,461,-20.835,0,0,0,0
12/20/19 5:00,462,-21.152,0,0,0,0
12/20/19 6:00,463,-21.533,0,0.014,0.081,0
12/20/19 7:00,464,-21.552,0,18.716,48.791,147.189
12/20/19 8:00,465,-19.911,0.001,102.218,202.09,808.957
12/20/19 9:00,466,-17.876,0.001,202.021,337.829,1504.456
12/20/19 10:00,467,-16.758,0.001,274.814,422.487,1807.229
12/20/19 11:00,468,-16.245,0.001,301.806,450.188,1786.083
12/20/19 12:00,469,-16.222,0.001,276.452,419.054,1312.009
12/20/19 13:00,470,-16.461,0.001,205.03,331.197,850.854
12/20/19 14:00,471,-16.842,0.001,100.742,192.611,314.716
12/20/19 15:00,472,-17.361,0.001,13.139,34.931,22.366
12/20/19 16:00,473,-17.868,0.001,0,0,0
12/20/19 17:00,474,-18.25,0.001,0,0,0
12/20/19 18:00,475,-18.836,0.001,0,0,0
12/20/19 19:00,476,-19.657,0.001,0,0,0
12/20/19 20:00,477,-20.147,0.001,0,0,0
12/20/19 21:00,478,-20.396,0.001,0,0,0
12/20/19 22:00,479,-20.205,0.001,0,0,0
12/20/19 23:00,480,-19.897,0.001,0,0,0
12/21/19 0:00,481,-19.574,0.001,0,0,0
12/21/19 1:00,482,-19.297,0.001,0,0,0
12/21/19 2:00,483,-19.09,0.001,0,0,0
12/21/19 3:00,484,-18.902,0.001,0,0,0
12/21/19 4:00,485,-18.809,0.001,0,0,0
12/21/19 5:00,486,-18.861,0.001,0,0,0
12/21/19 6:00,487,-18.998,0.001,0.009,0.079,0
12/21/19 7:00,488,-19.149,0.001,12.995,48.58,137.18
12/21/19 8:00,489,-18.502,0.001,83.175,201.754,790.491
12/21/19 9:00,490,-16.659,0.001,173.232,337.495,1548.676
12/21/19 10:00,491,-15.211,0.001,242.824,422.165,2586.442
12/21/19 11:00,492,-14.155,0.001,273.516,449.883,3007.537
12/21/19 12:00,493,-13.915,0.001,251.826,418.744,1924.118
12/21/19 13:00,494,-14.21,0.001,183.624,330.896,1250.589
12/21/19 14:00,495,-14.875,0.001,90.302,192.311,426.921
12/21/19 15:00,496,-15.946,0.001,12.24,34.764,29.338
12/21/19 16:00,497,-17.108,0.001,0,0,0
12/21/19 17:00,498,-17.848,0.001,0,0,0
12/21/19 18:00,499,-18.395,0.001,0,0,0
12/21/19 19:00,500,-18.999,0.001,0,0,0
12/21/19 20:00,501,-19.733,0.001,0,0,0
12/21/19 21:00,502,-20.163,0.001,0,0,0
12/21/19 22:00,503,-20.099,0.001,0,0,0
12/21/19 23:00,504,-20.142,0,0,0,0
12/22/19 0:00,505,-20.198,0,0,0,0
12/22/19 1:00,506,-20.449,0,0,0,0
12/22/19 2:00,507,-20.807,0,0,0,0
12/22/19 3:00,508,-21.213,0,0,0,0
12/22/19 4:00,509,-21.563,0,0,0,0
12/22/19 5:00,510,-21.735,0,0,0,0
12/22/19 6:00,511,-21.721,0,0.015,0.077,0
12/22/19 7:00,512,-21.638,0,17.832,48.466,116.476
12/22/19 8:00,513,-20.237,0,97.406,201.576,666.063
12/22/19 9:00,514,-18.592,0.001,195.122,337.334,1519.247
12/22/19 10:00,515,-17.537,0.001,267.958,422.017,2102.41
12/22/19 11:00,516,-16.658,0.001,292.09,449.741,2315.074
12/22/19 12:00,517,-16.104,0.001,265.727,418.611,2470.104
12/22/19 13:00,518,-15.935,0.001,194.479,330.765,2532.714
12/22/19 14:00,519,-16.922,0.001,96.724,192.177,1709.048
12/22/19 15:00,520,-18.941,0.001,13.216,34.686,190.961
12/22/19 16:00,521,-20.145,0.001,0,0,0
12/22/19 17:00,522,-20.663,0.001,0,0,0
12/22/19 18:00,523,-21.118,0.001,0,0,0
12/22/19 19:00,524,-21.517,0.001,0,0,0
12/22/19 20:00,525,-21.877,0.001,0,0,0
12/22/19 21:00,526,-22.173,0.001,0,0,0
12/22/19 22:00,527,-22.462,0,0,0,0
12/22/19 23:00,528,-22.937,0,0,0,0
12/23/19 0:00,529,-23.288,0,0,0,0
12/23/19 1:00,530,-23.391,0,0,0,0
12/23/19 2:00,531,-23.649,0,0,0,0
12/23/19 3:00,532,-24.08,0,0,0,0
12/23/19 4:00,533,-24.517,0,0,0,0
12/23/19 5:00,534,-25.117,0,0,0,0
12/23/19 6:00,535,-25.869,0,0.012,0.077,0
12/23/19 7:00,536,-26.343,0,18.579,48.448,492.268
12/23/19 8:00,537,-25.399,0,107.869,201.569,1942.467
12/23/19 9:00,538,-22.21,0,216.448,337.347,3062.555
12/23/19 10:00,539,-20.166,0.001,293.186,422.046,3621.588
12/23/19 11:00,540,-19.032,0.001,321.97,449.778,3686.342
12/23/19 12:00,541,-18.491,0.001,297.201,418.659,3603.558
12/23/19 13:00,542,-18.567,0.001,221.805,330.81,3284.011
12/23/19 14:00,543,-19.519,0.001,112.625,192.208,2422.148
12/23/19 15:00,544,-22.567,0,15.394,34.696,452.049
12/23/19 16:00,545,-25.871,0,0,0,0
12/23/19 17:00,546,-26.876,0,0,0,0
12/23/19 18:00,547,-26.909,0,0,0,0
12/23/19 19:00,548,-26.25,0,0,0,0
12/23/19 20:00,549,-25.589,0,0,0,0
12/23/19 21:00,550,-25.445,0,0,0,0
12/23/19 22:00,551,-25.782,0,0,0,0
12/23/19 23:00,552,-26.24,0,0,0,0
12/24/19 0:00,553,-26.993,0,0,0,0
12/24/19 1:00,554,-27.293,0,0,0,0
12/24/19 2:00,555,-26.938,0,0,0,0
12/24/19 3:00,556,-26.41,0,0,0,0
12/24/19 4:00,557,-25.999,0,0,0,0
12/24/19 5:00,558,-25.779,0,0,0,0
12/24/19 6:00,559,-25.632,0,0.018,0.078,0
12/24/19 7:00,560,-25.436,0,21.695,48.526,245.474
12/24/19 8:00,561,-23.218,0,112.616,201.722,934.452
12/24/19 9:00,562,-20.966,0,218.117,337.536,1872.083
12/24/19 10:00,563,-19.445,0.001,294.682,422.249,2442.105
12/24/19 11:00,564,-18.317,0.001,318.672,449.996,2805.475
12/24/19 12:00,565,-17.789,0.001,286.706,418.878,2705.371
12/24/19 13:00,566,-17.836,0.001,207.573,331.016,2336.464
12/24/19 14:00,567,-18.492,0.001,98.034,192.403,1106.299
12/24/19 15:00,568,-20.673,0.001,11.544,34.796,114.225
12/24/19 16:00,569,-21.736,0.001,0,0,0
12/24/19 17:00,570,-21.606,0,0,0,0
12/24/19 18:00,571,-21.427,0,0,0,0
12/24/19 19:00,572,-21.29,0,0,0,0
12/24/19 20:00,573,-21.154,0,0,0,0
12/24/19 21:00,574,-21.016,0,0,0,0
12/24/19 22:00,575,-20.706,0,0,0,0
12/24/19 23:00,576,-20.659,0,0,0,0
12/25/19 0:00,577,-21.056,0.001,0,0,0
12/25/19 1:00,578,-21.475,0.001,0,0,0
12/25/19 2:00,579,-21.664,0.001,0,0,0
12/25/19 3:00,580,-21.625,0.001,0,0,0
12/25/19 4:00,581,-21.59,0.001,0,0,0
12/25/19 5:00,582,-21.579,0.001,0,0,0
12/25/19 6:00,583,-21.633,0.001,0.007,0.08,0
12/25/19 7:00,584,-21.667,0.001,11.082,48.701,124.522
12/25/19 8:00,585,-20.249,0.001,66.449,202.039,518.921
12/25/19 9:00,586,-18.653,0.001,136.78,337.893,924.545
12/25/19 10:00,587,-17.467,0.001,190.164,422.63,1230.428
12/25/19 11:00,588,-16.428,0.001,212.021,450.394,1378.051
12/25/19 12:00,589,-15.659,0.001,201.308,419.271,1302.268
12/25/19 13:00,590,-15.353,0.001,152.811,331.398,1024.704
12/25/19 14:00,591,-15.622,0.001,77.105,192.764,543.603
12/25/19 15:00,592,-16.747,0.001,10.152,34.987,59.303
12/25/19 16:00,593,-17.764,0.001,0,0,0
12/25/19 17:00,594,-18.348,0.001,0,0,0
12/25/19 18:00,595,-18.575,0.001,0,0,0
12/25/19 19:00,596,-18.774,0.001,0,0,0
12/25/19 20:00,597,-19.102,0,0,0,0
12/25/19 21:00,598,-19.496,0,0,0,0
12/25/19 22:00,599,-19.831,0,0,0,0
12/25/19 23:00,600,-20.294,0,0,0,0
12/26/19 0:00,601,-20.695,0,0,0,0
12/26/19 1:00,602,-21.074,0,0,0,0
12/26/19 2:00,603,-21.263,0,0,0,0
12/26/19 3:00,604,-21.405,0,0,0,0
12/26/19 4:00,605,-21.708,0,0,0,0
12/26/19 5:00,606,-21.953,0,0,0,0
12/26/19 6:00,607,-22.611,0,0.014,0.083,0
12/26/19 7:00,608,-23.557,0,16.887,48.974,277.19
12/26/19 8:00,609,-22.974,0,98.016,202.524,1344.307
12/26/19 9:00,610,-20.639,0,198.362,338.42,2433.406
12/26/19 10:00,611,-19.392,0.001,269.725,423.192,2854.502
12/26/19 11:00,612,-18.335,0.001,290.773,450.959,2734.217
12/26/19 12:00,613,-17.894,0.001,263.012,419.841,1915.275
12/26/19 13:00,614,-17.945,0.001,192.723,331.958,1152.659
12/26/19 14:00,615,-18.333,0.001,95.632,193.287,383.528
12/26/19 15:00,616,-19.108,0.001,13.213,35.266,29.402
12/26/19 16:00,617,-20.21,0,0,0,0
12/26/19 17:00,618,-21.121,0,0,0,0
12/26/19 18:00,619,-21.615,0,0,0,0
12/26/19 19:00,620,-21.946,0,0,0,0
12/26/19 20:00,621,-22.247,0,0,0,0
12/26/19 21:00,622,-22.626,0,0,0,0
12/26/19 22:00,623,-23.152,0,0,0,0
12/26/19 23:00,624,-23.662,0,0,0,0
12/27/19 0:00,625,-23.978,0,0,0,0
12/27/19 1:00,626,-24.391,0,0,0,0
12/27/19 2:00,627,-25.044,0,0,0,0
12/27/19 3:00,628,-25.553,0,0,0,0
12/27/19 4:00,629,-25.866,0,0,0,0
12/27/19 5:00,630,-26.165,0,0,0,0
12/27/19 6:00,631,-26.341,0,0.019,0.088,0
12/27/19 7:00,632,-26.259,0,18.772,49.343,179.246
12/27/19 8:00,633,-24.712,0,96.281,203.168,786.38
12/27/19 9:00,634,-22.91,0,188.033,339.116,1521.216
12/27/19 10:00,635,-21.688,0,254.755,423.924,2010.829
12/27/19 11:00,636,-20.547,0,274.074,451.71,2299.353
12/27/19 12:00,637,-19.922,0.001,247.74,420.59,1970.689
12/27/19 13:00,638,-19.839,0.001,175.818,332.681,1323.923
12/27/19 14:00,639,-20.192,0.001,83.05,193.976,568.566
12/27/19 15:00,640,-21.364,0.001,10.841,35.637,49.855
12/27/19 16:00,641,-22.232,0,0,0,0
12/27/19 17:00,642,-22.157,0,0,0,0
12/27/19 18:00,643,-21.913,0,0,0,0
12/27/19 19:00,644,-22.093,0,0,0,0
12/27/19 20:00,645,-22.158,0,0,0,0
12/27/19 21:00,646,-21.898,0,0,0,0
12/27/19 22:00,647,-21.462,0,0,0,0
12/27/19 23:00,648,-21.017,0,0,0,0
12/28/19 0:00,649,-20.759,0,0,0,0
12/28/19 1:00,650,-20.786,0,0,0,0
12/28/19 2:00,651,-21.036,0,0,0,0
12/28/19 3:00,652,-21.339,0,0,0,0
12/28/19 4:00,653,-21.451,0,0,0,0
12/28/19 5:00,654,-21.592,0,0,0,0
12/28/19 6:00,655,-21.962,0,0.018,0.095,0
12/28/19 7:00,656,-22.206,0,16.72,49.809,337.475
12/28/19 8:00,657,-21.418,0,88.894,203.98,1111.28
12/28/19 9:00,658,-19.357,0.001,175.153,339.99,1757.033
12/28/19 10:00,659,-17.76,0.001,241.285,424.83,1759.796
12/28/19 11:00,660,-16.856,0.001,262.338,452.642,1650.577
12/28/19 12:00,661,-16.317,0.001,241.567,421.514,1217.984
12/28/19 13:00,662,-16.279,0.001,172.672,333.581,754.996
12/28/19 14:00,663,-16.629,0.001,80.73,194.832,332.721
12/28/19 15:00,664,-17.518,0.001,9.709,36.101,21.504
12/28/19 16:00,665,-18.688,0.001,0,0,0
12/28/19 17:00,666,-19.018,0.001,0,0,0
12/28/19 18:00,667,-19.321,0.001,0,0,0
12/28/19 19:00,668,-19.729,0.001,0,0,0
12/28/19 20:00,669,-20.13,0.001,0,0,0
12/28/19 21:00,670,-20.359,0.001,0,0,0
12/28/19 22:00,671,-20.349,0.001,0,0,0
12/28/19 23:00,672,-20.085,0.001,0,0,0
12/29/19 0:00,673,-19.716,0.001,0,0,0
12/29/19 1:00,674,-19.272,0.001,0,0,0
12/29/19 2:00,675,-18.732,0.001,0,0,0
12/29/19 3:00,676,-18.289,0.001,0,0,0
12/29/19 4:00,677,-17.912,0.001,0,0,0
12/29/19 5:00,678,-17.811,0.001,0,0,0
12/29/19 6:00,679,-17.792,0.001,0.013,0.103,0
12/29/19 7:00,680,-17.857,0.001,8.427,50.378,0
12/29/19 8:00,681,-17.929,0.001,45.62,204.954,61.464
12/29/19 9:00,682,-17.967,0.001,93.365,341.032,177.378
12/29/19 10:00,683,-17.949,0.001,126.474,425.912,211.618
12/29/19 11:00,684,-17.935,0.001,133.854,453.739,278.718
12/29/19 12:00,685,-18.007,0.001,116.742,422.615,233.869
12/29/19 13:00,686,-18.265,0.001,80.15,334.647,95.844
12/29/19 14:00,687,-18.595,0.001,36.262,195.847,19.456
12/29/19 15:00,688,-18.919,0.001,4.163,36.659,0
12/29/19 16:00,689,-19.174,0.001,0,0,0
12/29/19 17:00,690,-19.301,0.001,0,0,0
12/29/19 18:00,691,-19.27,0.001,0,0,0
12/29/19 19:00,692,-19.192,0.001,0,0,0
12/29/19 20:00,693,-19.064,0.001,0,0,0
12/29/19 21:00,694,-18.929,0.001,0,0,0
12/29/19 22:00,695,-18.991,0.001,0,0,0
12/29/19 23:00,696,-19.159,0.001,0,0,0
12/30/19 0:00,697,-19.212,0.001,0,0,0
12/30/19 1:00,698,-19.708,0.001,0,0,0
12/30/19 2:00,699,-20.581,0.001,0,0,0
12/30/19 3:00,700,-21.581,0.001,0,0,0
12/30/19 4:00,701,-22.352,0,0,0,0
12/30/19 5:00,702,-22.949,0,0,0,0
12/30/19 6:00,703,-23.721,0,0.011,0.113,0
12/30/19 7:00,704,-24.501,0,14.826,51.046,90.138
12/30/19 8:00,705,-23.686,0,92.956,206.09,812.911
12/30/19 9:00,706,-21.668,0,188.976,342.244,1443.491
12/30/19 10:00,707,-20.833,0,256.057,427.17,1653.041
12/30/19 11:00,708,-20.26,0,275.87,455.021,1435.011
12/30/19 12:00,709,-19.918,0,248.282,423.885,1219.667
12/30/19 13:00,710,-19.982,0,180.616,335.881,794.444
12/30/19 14:00,711,-20.482,0,91.718,197.029,339.893
12/30/19 15:00,712,-21.476,0,13.885,37.313,25.431
12/30/19 16:00,713,-22.613,0,0,0,0
12/30/19 17:00,714,-23.895,0,0,0,0
12/30/19 18:00,715,-25.339,0,0,0,0
12/30/19 19:00,716,-26.624,0,0,0,0
12/30/19 20:00,717,-28.025,0,0,0,0
12/30/19 21:00,718,-29.843,0,0,0,0
12/30/19 22:00,719,-31.37,0,0,0,0
12/30/19 23:00,720,-32.195,0,0,0,0
12/31/19 0:00,721,-32.742,0,0,0,0
12/31/19 1:00,722,-33.321,0,0,0,0
12/31/19 2:00,723,-33.461,0,0,0,0
12/31/19 3:00,724,-33.192,0,0,0,0
12/31/19 4:00,725,-32.587,0,0,0,0
12/31/19 5:00,726,-31.975,0,0,0,0
12/31/19 6:00,727,-31.547,0,0.031,0.126,0
12/31/19 7:00,728,-31.199,0,24.419,51.817,467.579
12/31/19 8:00,729,-29.609,0,115.335,207.39,1758.084
12/31/19 9:00,730,-27.242,0,210.043,343.625,2313.675
12/31/19 10:00,731,-25.357,0,272.31,428.605,2261.895
12/31/19 11:00,732,-24.01,0,291.505,456.463,2041.864
12/31/19 12:00,733,-22.923,0,266.683,425.324,1728.732
12/31/19 13:00,734,-22.283,0.001,198.396,337.29,1409.988
12/31/19 14:00,735,-22.188,0.001,102.686,198.369,906.648
12/31/19 15:00,736,-22.827,0,15.583,38.067,136.714
12/31/19 16:00,737,-23.425,0,0,0,0
12/31/19 17:00,738,-23.532,0,0,0,0
12/31/19 18:00,739,-23.533,0,0,0,0
12/31/19 19:00,740,-23.621,0,0,0,0
12/31/19 20:00,741,-23.98,0,0,0,0
12/31/19 21:00,742,-24.826,0,0,0,0
12/31/19 22:00,743,-26.172,0,0,0,0
12/31/19 23:00,744,-26.994,0,0,0,0
1/1/19 8:00,745,-19.889,0.001,82.68,209.252,257.69
1/1/19 9:00,746,-19.004,0.001,149.553,345.604,530.391
1/1/19 10:00,747,-17.971,0.001,193.625,430.654,871.016
1/1/19 11:00,748,-17.281,0.001,203.808,458.55,1087.304
1/1/19 12:00,749,-16.738,0.001,185.193,427.391,1010.161
1/1/19 13:00,750,-16.442,0.001,136.653,339.301,661.584
1/1/19 14:00,751,-16.69,0.001,71.312,200.286,310.551
1/1/19 15:00,752,-17.591,0.001,10.936,39.151,20.694
1/1/19 16:00,753,-18.497,0.001,0,0,0
1/1/19 17:00,754,-18.829,0.001,0,0,0
1/1/19 18:00,755,-19.202,0.001,0,0,0
1/1/19 19:00,756,-19.618,0.001,0,0,0
1/1/19 20:00,757,-19.644,0.001,0,0,0
1/1/19 21:00,758,-19.643,0.001,0,0,0
1/1/19 22:00,759,-20.004,0.001,0,0,0
1/1/19 23:00,760,-20.262,0.001,0,0,0
1/2/19 0:00,761,-20.049,0.001,0,0,0
1/2/19 1:00,762,-19.737,0.001,0,0,0
1/2/19 2:00,763,-19.852,0.001,0,0,0
1/2/19 3:00,764,-19.997,0.001,0,0,0
1/2/19 4:00,765,-20.279,0.001,0,0,0
1/2/19 5:00,766,-20.501,0.001,0,0,0
1/2/19 6:00,767,-20.768,0.001,0.034,0.166,0
1/2/19 7:00,768,-20.767,0.001,20.506,53.938,218.077
1/2/19 8:00,769,-19.25,0.001,106.671,210.916,1492.473
1/2/19 9:00,770,-17.086,0.001,215.461,347.367,3056.507
1/2/19 10:00,771,-15.147,0.001,296.217,432.474,3492.641
1/2/19 11:00,772,-13.838,0.001,322.804,460.39,3499.852
1/2/19 12:00,773,-13.104,0.001,295.867,429.221,3383.428
1/2/19 13:00,774,-13.065,0.001,221.238,341.081,3035.347
1/2/19 14:00,775,-13.883,0.001,115.36,201.988,2163.416
1/2/19 15:00,776,-16.573,0.001,17.407,40.134,531.18
1/2/19 16:00,777,-18.531,0.001,0,0.001,0
1/2/19 17:00,778,-19.09,0.001,0,0,0
1/2/19 18:00,779,-19.132,0.001,0,0,0
1/2/19 19:00,780,-19.135,0.001,0,0,0
1/2/19 20:00,781,-19.023,0.001,0,0,0
1/2/19 21:00,782,-19.043,0.001,0,0,0
1/2/19 22:00,783,-19.292,0.001,0,0,0
1/2/19 23:00,784,-19.245,0.001,0,0,0
1/3/19 0:00,785,-19.479,0.001,0,0,0
1/3/19 1:00,786,-19.524,0.001,0,0,0
1/3/19 2:00,787,-19.821,0.001,0,0,0
1/3/19 3:00,788,-19.962,0.001,0,0,0
1/3/19 4:00,789,-20.106,0.001,0,0,0
1/3/19 5:00,790,-20.317,0.001,0,0,0
1/3/19 6:00,791,-20.467,0.001,0.042,0.189,0
1/3/19 7:00,792,-20.363,0.001,23.833,55.056,452.291
1/3/19 8:00,793,-18.576,0.001,123.948,212.739,1942.042
1/3/19 9:00,794,-16.211,0.001,240.516,349.286,3211.259
1/3/19 10:00,795,-14.107,0.001,316.778,434.462,3440.199
1/3/19 11:00,796,-12.565,0.001,340.951,462.405,3438.808
1/3/19 12:00,797,-11.826,0.001,313.078,431.218,3313.777
1/3/19 13:00,798,-11.8,0.001,237.003,343.034,2953.624
1/3/19 14:00,799,-12.716,0.001,124.872,203.855,2077.114
1/3/19 15:00,800,-15.926,0.001,19.287,41.226,526.256
1/3/19 16:00,801,-17.919,0.001,0,0.001,0
1/3/19 17:00,802,-18.623,0.001,0,0,0
1/3/19 18:00,803,-19.124,0.001,0,0,0
1/3/19 19:00,804,-19.491,0.001,0,0,0
1/3/19 20:00,805,-19.762,0.001,0,0,0
1/3/19 21:00,806,-19.975,0.001,0,0,0
1/3/19 22:00,807,-20.091,0.001,0,0,0
1/3/19 23:00,808,-20.127,0.001,0,0,0
1/4/19 0:00,809,-18.958,0.001,0,0,0
1/4/19 1:00,810,-17.36,0.001,0,0,0
1/4/19 2:00,811,-16.507,0.001,0,0,0
1/4/19 3:00,812,-16.059,0.001,0,0,0
1/4/19 4:00,813,-15.815,0.001,0,0,0
1/4/19 5:00,814,-15.498,0.001,0,0,0
1/4/19 6:00,815,-15.513,0.001,0.035,0.218,0
1/4/19 7:00,816,-15.199,0.001,13.632,56.282,2.92
1/4/19 8:00,817,-14.599,0.001,72.765,214.723,102.392
1/4/19 9:00,818,-13.791,0.001,145.273,351.385,293.324
1/4/19 10:00,819,-12.917,0.001,198.601,436.617,563.503
1/4/19 11:00,820,-12.343,0.001,217.455,464.588,651.591
1/4/19 12:00,821,-12.295,0.001,200.135,433.386,444.405
1/4/19 13:00,822,-12.423,0.001,146.341,345.15,296.063
1/4/19 14:00,823,-12.689,0.001,73.088,205.876,115.851
1/4/19 15:00,824,-13.244,0.001,12.41,42.427,4.105
1/4/19 16:00,825,-13.719,0.001,0,0.002,0
1/4/19 17:00,826,-14.083,0.001,0,0,0
1/4/19 18:00,827,-14.547,0.001,0,0,0
1/4/19 19:00,828,-14.963,0.001,0,0,0
1/4/19 20:00,829,-15.372,0.001,0,0,0
1/4/19 21:00,830,-15.926,0.001,0,0,0
1/4/19 22:00,831,-16.378,0.001,0,0,0
1/4/19 23:00,832,-16.884,0.001,0,0,0
1/5/19 0:00,833,-17.404,0.001,0,0,0
1/5/19 1:00,834,-17.641,0.001,0,0,0
1/5/19 2:00,835,-17.616,0.001,0,0,0
1/5/19 3:00,836,-17.551,0.001,0,0,0
1/5/19 4:00,837,-17.637,0.001,0,0,0
1/5/19 5:00,838,-17.723,0.001,0,0,0
1/5/19 6:00,839,-17.861,0.001,0.046,0.252,0
1/5/19 7:00,840,-17.903,0.001,22.681,57.625,84.176
1/5/19 8:00,841,-17.377,0.001,116.403,216.862,598.853
1/5/19 9:00,842,-16.688,0.001,225.507,353.633,1182.397
1/5/19 10:00,843,-15.912,0.001,297.706,438.943,2060.21
1/5/19 11:00,844,-15.255,0.001,318.292,466.943,2228.969
1/5/19 12:00,845,-14.607,0.001,291.656,435.725,2392.983
1/5/19 13:00,846,-14.279,0.001,222.075,347.424,2172.411
1/5/19 14:00,847,-14.649,0.001,119.476,208.06,1484.946
1/5/19 15:00,848,-16.557,0.001,19.822,43.743,458.453
1/5/19 16:00,849,-18.479,0.001,0.001,0.003,0
1/5/19 17:00,850,-19.292,0.001,0,0,0
1/5/19 18:00,851,-19.86,0.001,0,0,0
1/5/19 19:00,852,-20.288,0.001,0,0,0
1/5/19 20:00,853,-20.535,0.001,0,0,0
1/5/19 21:00,854,-20.604,0.001,0,0,0
1/5/19 22:00,855,-20.566,0.001,0,0,0
1/5/19 23:00,856,-20.78,0.001,0,0,0
1/6/19 0:00,857,-20.668,0.001,0,0,0
1/6/19 1:00,858,-20.716,0.001,0,0,0
1/6/19 2:00,859,-20.782,0.001,0,0,0
1/6/19 3:00,860,-20.529,0.001,0,0,0
1/6/19 4:00,861,-20.83,0,0,0,0
1/6/19 5:00,862,-20.981,0,0,0,0
1/6/19 6:00,863,-21.042,0,0.077,0.293,0
1/6/19 7:00,864,-20.872,0,27.801,59.083,529.523
1/6/19 8:00,865,-18.894,0.001,133.249,219.167,1870.261
1/6/19 9:00,866,-16.339,0.001,247.183,356.06,3207.2
1/6/19 10:00,867,-14.228,0.001,324.984,441.433,3529.868
1/6/19 11:00,868,-12.711,0.001,350.247,469.463,3521.165
1/6/19 12:00,869,-12.02,0.001,322.296,438.225,3397.104
1/6/19 13:00,870,-11.956,0.001,245.139,349.861,3048.509
1/6/19 14:00,871,-12.812,0.001,130.73,210.397,2201.913
1/6/19 15:00,872,-16.004,0.001,21.552,45.175,668.829
1/6/19 16:00,873,-18.1,0.001,0.001,0.004,0
1/6/19 17:00,874,-18.726,0.001,0,0,0
1/6/19 18:00,875,-19.154,0.001,0,0,0
1/6/19 19:00,876,-19.485,0.001,0,0,0
1/6/19 20:00,877,-19.768,0.001,0,0,0
1/6/19 21:00,878,-20.006,0.001,0,0,0
1/6/19 22:00,879,-20.221,0.001,0,0,0
1/6/19 23:00,880,-20.481,0.001,0,0,0
1/7/19 0:00,881,-20.724,0.001,0,0,0
1/7/19 1:00,882,-20.821,0.001,0,0,0
1/7/19 2:00,883,-20.781,0.001,0,0,0
1/7/19 3:00,884,-20.72,0.001,0,0,0
1/7/19 4:00,885,-20.718,0.001,0,0,0
1/7/19 5:00,886,-20.69,0.001,0,0,0
1/7/19 6:00,887,-20.714,0,0.089,0.341,0
1/7/19 7:00,888,-20.569,0,26.515,60.659,296.339
1/7/19 8:00,889,-19.155,0.001,121.464,221.62,945.02
1/7/19 9:00,890,-17.094,0.001,229.529,358.635,2390.838
1/7/19 10:00,891,-15.302,0.001,302.925,444.089,3329.722
1/7/19 11:00,892,-14.225,0.001,323.366,472.145,3286.916
1/7/19 12:00,893,-13.759,0.001,291.607,440.888,2716.035
1/7/19 13:00,894,-13.834,0.001,214.715,352.463,1939.974
1/7/19 14:00,895,-14.512,0.001,110.573,212.89,854.797
1/7/19 15:00,896,-16.565,0.001,18.682,46.729,176.721
1/7/19 16:00,897,-18.244,0.001,0.002,0.007,0
1/7/19 17:00,898,-18.778,0.001,0,0,0
1/7/19 18:00,899,-19.447,0.001,0,0,0
1/7/19 19:00,900,-20.105,0.001,0,0,0
1/7/19 20:00,901,-20.71,0.001,0,0,0
1/7/19 21:00,902,-21.128,0.001,0,0,0
1/7/19 22:00,903,-21.452,0.001,0,0,0
1/7/19 23:00,904,-21.687,0.001,0,0,0
1/8/19 0:00,905,-21.874,0.001,0,0,0
1/8/19 1:00,906,-21.958,0.001,0,0,0
1/8/19 2:00,907,-21.964,0.001,0,0,0
1/8/19 3:00,908,-21.787,0.001,0,0,0
1/8/19 4:00,909,-21.576,0,0,0,0
1/8/19 5:00,910,-21.228,0,0,0,0
1/8/19 6:00,911,-21.325,0,0.091,0.398,0
1/8/19 7:00,912,-21.339,0,24.7,62.358,262.038
1/8/19 8:00,913,-19.827,0.001,122.095,224.232,1178.093
1/8/19 9:00,914,-17.935,0.001,232.867,361.373,2232.765
1/8/19 10:00,915,-16.126,0.001,307.169,446.906,3208.64
1/8/19 11:00,916,-14.695,0.001,330,474.99,3667.872
1/8/19 12:00,917,-14.104,0.001,299.467,443.723,3600.611
1/8/19 13:00,918,-14.05,0.001,226.438,355.223,3271.922
1/8/19 14:00,919,-14.67,0.001,122.64,215.534,2432.572
1/8/19 15:00,920,-17.227,0.001,21.701,48.408,858.05
1/8/19 16:00,921,-19.077,0.001,0.002,0.01,0
1/8/19 17:00,922,-19.659,0.001,0,0,0
1/8/19 18:00,923,-20.051,0.001,0,0,0
1/8/19 19:00,924,-20.269,0.001,0,0,0
1/8/19 20:00,925,-20.332,0.001,0,0,0
1/8/19 21:00,926,-20.377,0.001,0,0,0
1/8/19 22:00,927,-20.376,0.001,0,0,0
1/8/19 23:00,928,-20.38,0.001,0,0,0
1/9/19 0:00,929,-20.525,0.001,0,0,0
1/9/19 1:00,930,-20.691,0.001,0,0,0
1/9/19 2:00,931,-20.88,0.001,0,0,0
1/9/19 3:00,932,-21.036,0.001,0,0,0
1/9/19 4:00,933,-21.041,0.001,0,0,0
1/9/19 5:00,934,-20.703,0.001,0,0,0
1/9/19 6:00,935,-20.461,0.001,0.096,0.466,0
1/9/19 7:00,936,-19.918,0.001,25.226,64.179,1200.177
1/9/19 8:00,937,-18.217,0.001,121.213,226.995,2694.899
1/9/19 9:00,938,-16.062,0.001,226.13,364.269,3333.626
1/9/19 10:00,939,-14.038,0.001,301.603,449.882,3502.723
1/9/19 11:00,940,-12.487,0.001,333.744,477.997,3485.664
1/9/19 12:00,941,-11.41,0.001,314.025,446.71,3349.878
1/9/19 13:00,942,-10.949,0.001,241.935,358.139,2998.254
1/9/19 14:00,943,-11.239,0.001,131.607,218.335,2184.001
1/9/19 15:00,944,-12.695,0.001,23.631,50.216,768.916
1/9/19 16:00,945,-14.3,0.001,0.004,0.015,0
1/9/19 17:00,946,-14.807,0.001,0,0,0
1/9/19 18:00,947,-15.031,0.001,0,0,0
1/9/19 19:00,948,-15.377,0.001,0,0,0
1/9/19 20:00,949,-15.722,0.001,0,0,0
1/9/19 21:00,950,-15.948,0.001,0,0,0
1/9/19 22:00,951,-16.224,0.001,0,0,0
1/9/19 23:00,952,-16.907,0.001,0,0,0
1/10/19 0:00,953,-17.381,0.001,0,0,0
1/10/19 1:00,954,-17.623,0.001,0,0,0
1/10/19 2:00,955,-17.664,0.001,0,0,0
1/10/19 3:00,956,-17.807,0.001,0,0,0
1/10/19 4:00,957,-17.762,0.001,0,0,0
1/10/19 5:00,958,-17.605,0.001,0,0,0
1/10/19 6:00,959,-17.788,0.001,0.136,0.545,0
1/10/19 7:00,960,-17.809,0.001,28.874,66.128,574.727
1/10/19 8:00,961,-16.412,0.001,128.278,229.908,1502.857
1/10/19 9:00,962,-14.554,0.001,241.275,367.317,2484.349
1/10/19 10:00,963,-12.491,0.001,321.752,453.016,3245.711
1/10/19 11:00,964,-10.796,0.001,350.903,481.17,3542.265
1/10/19 12:00,965,-9.838,0.001,324.942,449.852,3401.984
1/10/19 13:00,966,-9.568,0.001,248.881,361.213,3050.592
1/10/19 14:00,967,-10.387,0.001,135.675,221.281,2213.075
1/10/19 15:00,968,-13.974,0.001,24.696,52.156,824.569
1/10/19 16:00,969,-16.071,0.001,0.005,0.022,0
1/10/19 17:00,970,-16.839,0.001,0,0,0
1/10/19 18:00,971,-17.406,0.001,0,0,0
1/10/19 19:00,972,-17.864,0.001,0,0,0
1/10/19 20:00,973,-18.095,0.001,0,0,0
1/10/19 21:00,974,-18.077,0.001,0,0,0
1/10/19 22:00,975,-17.846,0.001,0,0,0
1/10/19 23:00,976,-17.639,0.001,0,0,0
1/11/19 0:00,977,-17.515,0.001,0,0,0
1/11/19 1:00,978,-17.327,0.001,0,0,0
1/11/19 2:00,979,-17.292,0.001,0,0,0
1/11/19 3:00,980,-17.503,0.001,0,0,0
1/11/19 4:00,981,-17.963,0.001,0,0,0
1/11/19 5:00,982,-18.356,0.001,0,0,0
1/11/19 6:00,983,-18.536,0.001,0.164,0.637,0
1/11/19 7:00,984,-18.285,0.001,31.545,68.206,1496.823
1/11/19 8:00,985,-15.758,0.001,135.306,232.977,2849.806
1/11/19 9:00,986,-12.565,0.001,246.511,370.525,3395.218
1/11/19 10:00,987,-10.072,0.001,325.252,456.308,3546.105
1/11/19 11:00,988,-8.54,0.001,351.556,484.491,3527.127
1/11/19 12:00,989,-8.028,0.001,324.157,453.157,3398.993
1/11/19 13:00,990,-8.27,0.001,247.538,364.431,3060.588
1/11/19 14:00,991,-9.631,0.001,135.211,224.377,2242.133
1/11/19 15:00,992,-12.941,0.001,24.954,54.232,878.746
1/11/19 16:00,993,-14.39,0.001,0.007,0.031,0
1/11/19 17:00,994,-15.007,0.001,0,0,0
1/11/19 18:00,995,-15.457,0.001,0,0,0
1/11/19 19:00,996,-15.918,0.001,0,0,0
1/11/19 20:00,997,-16.315,0.001,0,0,0
1/11/19 21:00,998,-16.536,0.001,0,0,0
1/11/19 22:00,999,-16.595,0.001,0,0,0
1/11/19 23:00,1000,-16.522,0.001,0,0,0
1/12/19 0:00,1001,-16.242,0.001,0,0,0
1/12/19 1:00,1002,-15.853,0.001,0,0,0
1/12/19 2:00,1003,-15.386,0.001,0,0,0
1/12/19 3:00,1004,-14.992,0.001,0,0,0
1/12/19 4:00,1005,-14.951,0.001,0,0,0
1/12/19 5:00,1006,-15.233,0.001,0,0,0
1/12/19 6:00,1007,-16.046,0.001,0.201,0.744,0
1/12/19 7:00,1008,-16.629,0.001,31.335,70.416,1142.003
1/12/19 8:00,1009,-13.989,0.001,126.772,236.19,2538.566
1/12/19 9:00,1010,-10.597,0.001,229.852,373.878,3147.395
1/12/19 10:00,1011,-8.577,0.001,304.688,459.755,3335.238
1/12/19 11:00,1012,-6.581,0.001,326.068,487.975,3188.265
1/12/19 12:00,1013,-5.512,0.001,300.182,456.613,3002.332
1/12/19 13:00,1014,-5.486,0.001,227.265,367.806,2563.405
1/12/19 14:00,1015,-7.444,0.001,121.967,227.617,1653.121
1/12/19 15:00,1016,-11.181,0.001,22.393,56.45,508.683
1/12/19 16:00,1017,-13.315,0.001,0.01,0.043,0
1/12/19 17:00,1018,-14.386,0.001,0,0,0
1/12/19 18:00,1019,-15.27,0.001,0,0,0
1/12/19 19:00,1020,-15.796,0.001,0,0,0
1/12/19 20:00,1021,-16.246,0.001,0,0,0
1/12/19 21:00,1022,-16.616,0.001,0,0,0
1/12/19 22:00,1023,-16.885,0.001,0,0,0
1/12/19 23:00,1024,-17.062,0.001,0,0,0
1/13/19 0:00,1025,-17.286,0.001,0,0,0
1/13/19 1:00,1026,-17.27,0.001,0,0,0
1/13/19 2:00,1027,-17.157,0.001,0,0,0
1/13/19 3:00,1028,-17.055,0.001,0,0,0
1/13/19 4:00,1029,-16.709,0.001,0,0,0
1/13/19 5:00,1030,-16.432,0.001,0,0,0
1/13/19 6:00,1031,-16.17,0.001,0.222,0.869,0
1/13/19 7:00,1032,-15.682,0.001,25.119,72.761,223.12
1/13/19 8:00,1033,-13.709,0.001,101.969,239.552,546.694
1/13/19 9:00,1034,-11.786,0.001,192.413,377.387,921.09
1/13/19 10:00,1035,-10.247,0.001,260.506,463.358,1029.153
1/13/19 11:00,1036,-8.808,0.001,284.104,491.607,1106.241
1/13/19 12:00,1037,-8.1,0.001,261.946,460.222,884.477
1/13/19 13:00,1038,-8.054,0.001,197.132,371.331,663.412
1/13/19 14:00,1039,-8.825,0.001,105.333,231.003,451.47
1/13/19 15:00,1040,-10.469,0.001,19.95,58.811,57.727
1/13/19 16:00,1041,-11.588,0.001,0.014,0.06,0
1/13/19 17:00,1042,-12.239,0.001,0,0,0
1/13/19 18:00,1043,-12.746,0.001,0,0,0
1/13/19 19:00,1044,-13.199,0.001,0,0,0
1/13/19 20:00,1045,-13.644,0.001,0,0,0
1/13/19 21:00,1046,-14.006,0.001,0,0,0
1/13/19 22:00,1047,-14.397,0.001,0,0,0
1/13/19 23:00,1048,-14.868,0.001,0,0,0
1/14/19 0:00,1049,-15.079,0.001,0,0,0
1/14/19 1:00,1050,-15.091,0.001,0,0,0
1/14/19 2:00,1051,-15.405,0.001,0,0,0
1/14/19 3:00,1052,-15.711,0.001,0,0,0
1/14/19 4:00,1053,-15.851,0.001,0,0,0
1/14/19 5:00,1054,-15.837,0.001,0,0,0
1/14/19 6:00,1055,-15.739,0.001,0.18,1.011,0
1/14/19 7:00,1056,-15.37,0.001,20.115,75.246,77.992
1/14/19 8:00,1057,-14.183,0.001,82.046,243.053,344.31
1/14/19 9:00,1058,-13.027,0.001,153.507,381.038,656.412
1/14/19 10:00,1059,-11.989,0.001,206.258,467.1,975.574
1/14/19 11:00,1060,-11.049,0.001,224.239,495.394,1308.061
1/14/19 12:00,1061,-10.278,0.001,210.701,463.972,1339.768
1/14/19 13:00,1062,-9.983,0.001,158.377,374.998,1044.273
1/14/19 14:00,1063,-10.387,0.001,82.581,234.533,480.376
1/14/19 15:00,1064,-11.938,0.001,15.721,61.321,50.92
1/14/19 16:00,1065,-12.846,0.001,0.013,0.082,0
1/14/19 17:00,1066,-12.909,0.001,0,0,0
1/14/19 18:00,1067,-12.941,0.001,0,0,0
1/14/19 19:00,1068,-12.943,0.001,0,0,0
1/14/19 20:00,1069,-12.885,0.001,0,0,0
1/14/19 21:00,1070,-12.923,0.001,0,0,0
1/14/19 22:00,1071,-13.142,0.001,0,0,0
1/14/19 23:00,1072,-13.347,0.001,0,0,0
1/15/19 0:00,1073,-13.489,0.001,0,0,0
1/15/19 1:00,1074,-13.671,0.001,0,0,0
1/15/19 2:00,1075,-13.894,0.001,0,0,0
1/15/19 3:00,1076,-14.168,0.001,0,0,0
1/15/19 4:00,1077,-14.543,0.001,0,0,0
1/15/19 5:00,1078,-14.938,0.001,0,0,0
1/15/19 6:00,1079,-15.514,0.001,0.073,1.176,0
1/15/19 7:00,1080,-16.364,0.001,18.115,77.869,231.493
1/15/19 8:00,1081,-16.597,0.001,99.523,246.694,1225.732
1/15/19 9:00,1082,-16.448,0.001,192.298,384.834,2484.406
1/15/19 10:00,1083,-16.08,0.001,263.143,471,3716.517
1/15/19 11:00,1084,-15.688,0.001,291.227,499.318,3805.482
1/15/19 12:00,1085,-15.544,0.001,275.364,467.888,3698.592
1/15/19 13:00,1086,-15.721,0.001,217.415,378.812,3369.656
1/15/19 14:00,1087,-16.338,0.001,125.912,238.198,2550.161
1/15/19 15:00,1088,-18.201,0.001,28.381,63.981,819.865
1/15/19 16:00,1089,-20.48,0.001,0.029,0.11,0
1/15/19 17:00,1090,-21.378,0.001,0,0,0
1/15/19 18:00,1091,-21.899,0.001,0,0,0
1/15/19 19:00,1092,-22.095,0.001,0,0,0
1/15/19 20:00,1093,-21.801,0.001,0,0,0
1/15/19 21:00,1094,-21.235,0.001,0,0,0
1/15/19 22:00,1095,-20.78,0.001,0,0,0
1/15/19 23:00,1096,-20.484,0.001,0,0,0
1/16/19 0:00,1097,-20.689,0.001,0,0,0
1/16/19 1:00,1098,-20.842,0.001,0,0,0
1/16/19 2:00,1099,-20.773,0.001,0,0,0
1/16/19 3:00,1100,-20.561,0.001,0,0,0
1/16/19 4:00,1101,-20.339,0.001,0,0,0
1/16/19 5:00,1102,-20.114,0.001,0,0,0
1/16/19 6:00,1103,-19.781,0.001,0.253,1.365,0
1/16/19 7:00,1104,-19.283,0.001,20.133,80.637,49.584
1/16/19 8:00,1105,-18.341,0.001,90.104,250.479,169.301
1/16/19 9:00,1106,-17.671,0.001,172.379,388.775,273.141
1/16/19 10:00,1107,-17.231,0.001,228.988,475.041,462.435
1/16/19 11:00,1108,-17.013,0.001,239.344,503.401,596.311
1/16/19 12:00,1109,-16.961,0.001,217.659,471.928,500.188
1/16/19 13:00,1110,-17.154,0.001,162.679,382.768,307.872
1/16/19 14:00,1111,-17.536,0.001,89.696,242.003,141.048
1/16/19 15:00,1112,-18.09,0.001,20.963,66.797,12.957
1/16/19 16:00,1113,-18.746,0.001,0.039,0.146,0
1/16/19 17:00,1114,-19.15,0.001,0,0,0
1/16/19 18:00,1115,-19.56,0.001,0,0,0
1/16/19 19:00,1116,-20.373,0,0,0,0
1/16/19 20:00,1117,-21.54,0,0,0,0
1/16/19 21:00,1118,-22.87,0,0,0,0
1/16/19 22:00,1119,-24.333,0,0,0,0
1/16/19 23:00,1120,-25.793,0,0,0,0
1/17/19 0:00,1121,-27.236,0,0,0,0
1/17/19 1:00,1122,-28.004,0,0,0,0
1/17/19 2:00,1123,-28.557,0,0,0,0
1/17/19 3:00,1124,-29.075,0,0,0,0
1/17/19 4:00,1125,-29.657,0,0,0,0
1/17/19 5:00,1126,-30.087,0,0,0,0
1/17/19 6:00,1127,-30.454,0,0.532,1.579,0
1/17/19 7:00,1128,-30.196,0,46.571,83.548,1954.637
1/17/19 8:00,1129,-28.006,0,168.851,254.397,3387.698
1/17/19 9:00,1130,-26.283,0,278.715,392.852,3786.692
1/17/19 10:00,1131,-24.696,0,343.045,479.225,3914.526
1/17/19 11:00,1132,-23.2,0,356.183,507.617,3825.52
1/17/19 12:00,1133,-22.089,0,327.131,476.117,3579.993
1/17/19 13:00,1134,-21.461,0,254.668,386.861,3033.318
1/17/19 14:00,1135,-21.519,0,148.72,245.952,2227.438
1/17/19 15:00,1136,-22.446,0,34.53,69.771,652.202
1/17/19 16:00,1137,-24.043,0,0.052,0.192,0
1/17/19 17:00,1138,-24.883,0,0,0,0
1/17/19 18:00,1139,-25.326,0,0,0,0
1/17/19 19:00,1140,-25.639,0,0,0,0
1/17/19 20:00,1141,-25.999,0,0,0,0
1/17/19 21:00,1142,-26.229,0,0,0,0
1/17/19 22:00,1143,-26.571,0,0,0,0
1/17/19 23:00,1144,-26.872,0,0,0,0
1/18/19 0:00,1145,-27.118,0,0,0,0
1/18/19 1:00,1146,-27.191,0,0,0,0
1/18/19 2:00,1147,-27.255,0,0,0,0
1/18/19 3:00,1148,-27.119,0,0,0,0
1/18/19 4:00,1149,-27.11,0,0,0,0
1/18/19 5:00,1150,-27.131,0,0,0,0
1/18/19 6:00,1151,-27.08,0,0.562,1.825,0
1/18/19 7:00,1152,-26.426,0,44.156,86.607,1350.39
1/18/19 8:00,1153,-23.736,0,162.931,258.455,3112.73
1/18/19 9:00,1154,-20.558,0,275.306,397.071,3703.83
1/18/19 10:00,1155,-17.935,0.001,348.847,483.544,3815.04
1/18/19 11:00,1156,-16.167,0.001,372.766,511.976,3753.092
1/18/19 12:00,1157,-15.187,0.001,344.769,480.448,3600.766
1/18/19 13:00,1158,-14.976,0.001,268.735,391.099,3232.316
1/18/19 14:00,1159,-15.546,0.001,154.311,250.023,2380.874
1/18/19 15:00,1160,-18.595,0.001,35.147,72.907,706.254
1/18/19 16:00,1161,-21.143,0.001,0.068,0.25,0
1/18/19 17:00,1162,-21.624,0.001,0,0,0
1/18/19 18:00,1163,-21.914,0.001,0,0,0
1/18/19 19:00,1164,-22.112,0.001,0,0,0
1/18/19 20:00,1165,-22.235,0.001,0,0,0
1/18/19 21:00,1166,-22.385,0.001,0,0,0
1/18/19 22:00,1167,-22.565,0.001,0,0,0
1/18/19 23:00,1168,-22.756,0.001,0,0,0
1/19/19 0:00,1169,-22.916,0.001,0,0,0
1/19/19 1:00,1170,-22.867,0.001,0,0,0
1/19/19 2:00,1171,-22.894,0.001,0,0,0
1/19/19 3:00,1172,-23.018,0.001,0,0,0
1/19/19 4:00,1173,-23.185,0.001,0,0,0
1/19/19 5:00,1174,-23.411,0.001,0,0,0
1/19/19 6:00,1175,-23.771,0.001,0.662,2.104,0
1/19/19 7:00,1176,-22.84,0.001,43.829,89.812,2238.532
1/19/19 8:00,1177,-18.868,0.001,149.439,262.634,2937.271
1/19/19 9:00,1178,-16.12,0.001,245.922,401.422,3348.083
1/19/19 10:00,1179,-13.836,0.001,309.497,488,3219.065
1/19/19 11:00,1180,-12.556,0.001,331.209,516.474,2869.998
1/19/19 12:00,1181,-11.937,0.001,307.81,484.911,2092.423
1/19/19 13:00,1182,-11.829,0.001,239.557,395.463,1738.417
1/19/19 14:00,1183,-12.383,0.001,136.728,254.231,1297.673
1/19/19 15:00,1184,-14.86,0.001,32.226,76.206,329.261
1/19/19 16:00,1185,-17.529,0.001,0.09,0.322,0
1/19/19 17:00,1186,-18.392,0.001,0,0,0
1/19/19 18:00,1187,-18.56,0.001,0,0,0
1/19/19 19:00,1188,-18.154,0.001,0,0,0
1/19/19 20:00,1189,-18.283,0.001,0,0,0
1/19/19 21:00,1190,-18.525,0.001,0,0,0
1/19/19 22:00,1191,-19.062,0.001,0,0,0
1/19/19 23:00,1192,-19.261,0.001,0,0,0
1/20/19 0:00,1193,-19.721,0.001,0,0,0
1/20/19 1:00,1194,-19.894,0.001,0,0,0
1/20/19 2:00,1195,-19.913,0.001,0,0,0
1/20/19 3:00,1196,-20.047,0.001,0,0,0
1/20/19 4:00,1197,-20.298,0.001,0,0,0
1/20/19 5:00,1198,-20.577,0.001,0,0,0
1/20/19 6:00,1199,-20.798,0.001,0.537,2.418,0
1/20/19 7:00,1200,-20.469,0.001,33.095,93.168,424.252
1/20/19 8:00,1201,-18.872,0.001,123.731,266.951,926.536
1/20/19 9:00,1202,-17.493,0.001,222.758,405.91,1597.07
1/20/19 10:00,1203,-16.231,0.001,288.039,492.593,2516.684
1/20/19 11:00,1204,-15.276,0.001,301.432,521.102,2887.409
1/20/19 12:00,1205,-14.623,0.001,273.445,489.509,3218.365
1/20/19 13:00,1206,-14.462,0.001,211.023,399.959,2986.571
1/20/19 14:00,1207,-14.855,0.001,123.366,258.565,2152.297
1/20/19 15:00,1208,-16.077,0.001,31.052,79.667,436.889
1/20/19 16:00,1209,-18.014,0.001,0.097,0.41,0
1/20/19 17:00,1210,-19.453,0.001,0,0,0
1/20/19 18:00,1211,-20.899,0.001,0,0,0
1/20/19 19:00,1212,-21.862,0.001,0,0,0
1/20/19 20:00,1213,-22.461,0.001,0,0,0
1/20/19 21:00,1214,-22.979,0.001,0,0,0
1/20/19 22:00,1215,-23.313,0.001,0,0,0
1/20/19 23:00,1216,-23.498,0.001,0,0,0
1/21/19 0:00,1217,-23.693,0.001,0,0,0
1/21/19 1:00,1218,-23.781,0.001,0,0,0
1/21/19 2:00,1219,-23.738,0.001,0,0,0
1/21/19 3:00,1220,-23.727,0.001,0,0,0
1/21/19 4:00,1221,-23.709,0.001,0,0,0
1/21/19 5:00,1222,-23.603,0.001,0,0,0
1/21/19 6:00,1223,-23.457,0.001,0.777,2.772,0
1/21/19 7:00,1224,-22.719,0.001,43.101,96.672,2230.682
1/21/19 8:00,1225,-19.815,0.001,155.397,271.394,3213.296
1/21/19 9:00,1226,-16.951,0.001,265.362,410.515,3751.41
1/21/19 10:00,1227,-14.102,0.001,338.826,497.311,3860.898
1/21/19 11:00,1228,-12.627,0.001,364.707,525.869,3779.244
1/21/19 12:00,1229,-11.938,0.001,343.928,494.236,3624.046
1/21/19 13:00,1230,-11.82,0.001,272.365,404.58,3264.455
1/21/19 14:00,1231,-12.437,0.001,160.975,263.024,2459.947
1/21/19 15:00,1232,-15.788,0.001,40.387,83.297,821.143
1/21/19 16:00,1233,-18.533,0.001,0.151,0.519,0
1/21/19 17:00,1234,-19.125,0.001,0,0,0
1/21/19 18:00,1235,-19.635,0.001,0,0,0
1/21/19 19:00,1236,-19.994,0.001,0,0,0
1/21/19 20:00,1237,-20.198,0.001,0,0,0
1/21/19 21:00,1238,-19.936,0.001,0,0,0
1/21/19 22:00,1239,-19.432,0.001,0,0,0
1/21/19 23:00,1240,-18.922,0.001,0,0,0
1/22/19 0:00,1241,-18.631,0.001,0,0,0
1/22/19 1:00,1242,-18.368,0.001,0,0,0
1/22/19 2:00,1243,-18.029,0.001,0,0,0
1/22/19 3:00,1244,-17.366,0.001,0,0,0
1/22/19 4:00,1245,-16.862,0.001,0,0,0
1/22/19 5:00,1246,-16.569,0.001,0,0,0
1/22/19 6:00,1247,-16.438,0.001,0.849,3.171,0
1/22/19 7:00,1248,-15.749,0.001,30.238,100.326,167.094
1/22/19 8:00,1249,-14.294,0.001,101.164,275.955,290.983
1/22/19 9:00,1250,-12.85,0.001,173.668,415.256,516.259
1/22/19 10:00,1251,-11.338,0.001,226.602,502.168,709.614
1/22/19 11:00,1252,-10.396,0.001,249.615,530.751,666.57
1/22/19 12:00,1253,-9.889,0.001,238.488,499.086,553.825
1/22/19 13:00,1254,-9.622,0.001,188.971,409.338,500.004
1/22/19 14:00,1255,-10.008,0.001,111.961,267.61,290.8
1/22/19 15:00,1256,-11.306,0.001,31.533,87.095,57.673
1/22/19 16:00,1257,-12.422,0.001,0.2,0.652,0
1/22/19 17:00,1258,-12.442,0.001,0,0,0
1/22/19 18:00,1259,-12.661,0.001,0,0,0
1/22/19 19:00,1260,-13.38,0.001,0,0,0
1/22/19 20:00,1261,-14.209,0.001,0,0,0
1/22/19 21:00,1262,-15.658,0.001,0,0,0
1/22/19 22:00,1263,-17.449,0.001,0,0,0
1/22/19 23:00,1264,-18.49,0.001,0,0,0
1/23/19 0:00,1265,-18.953,0.001,0,0,0
1/23/19 1:00,1266,-19.005,0.001,0,0,0
1/23/19 2:00,1267,-18.873,0.001,0,0,0
1/23/19 3:00,1268,-18.834,0.001,0,0,0
1/23/19 4:00,1269,-18.559,0.001,0,0,0
1/23/19 5:00,1270,-18.601,0.001,0,0,0
1/23/19 6:00,1271,-18.747,0.001,0.754,3.619,0
1/23/19 7:00,1272,-18.109,0.001,38.203,104.133,347.904
1/23/19 8:00,1273,-16.097,0.001,141.789,280.645,1318.647
1/23/19 9:00,1274,-14.556,0.001,241.78,420.116,2299.304
1/23/19 10:00,1275,-13.601,0.001,310.005,507.129,3177.84
1/23/19 11:00,1276,-13.041,0.001,320.749,535.765,3148.879
1/23/19 12:00,1277,-12.724,0.001,290.446,504.07,2425.081
1/23/19 13:00,1278,-12.714,0.001,223.703,414.208,1372.967
1/23/19 14:00,1279,-12.955,0.001,130.624,272.315,593.735
1/23/19 15:00,1280,-13.535,0.001,35.881,91.059,121.333
1/23/19 16:00,1281,-14.356,0.001,0.247,0.813,0
1/23/19 17:00,1282,-14.904,0.001,0,0,0
1/23/19 18:00,1283,-15.672,0.001,0,0,0
1/23/19 19:00,1284,-16.391,0.001,0,0,0
1/23/19 20:00,1285,-17.086,0.001,0,0,0
1/23/19 21:00,1286,-18.139,0.001,0,0,0
1/23/19 22:00,1287,-18.673,0.001,0,0,0
1/23/19 23:00,1288,-19.279,0.001,0,0,0
1/24/19 0:00,1289,-19.348,0.001,0,0,0
1/24/19 1:00,1290,-19.114,0.001,0,0,0
1/24/19 2:00,1291,-18.943,0.001,0,0,0
1/24/19 3:00,1292,-18.906,0.001,0,0,0
1/24/19 4:00,1293,-18.914,0.001,0,0,0
1/24/19 5:00,1294,-19.325,0.001,0,0,0
1/24/19 6:00,1295,-19.607,0.001,1.226,4.12,0
1/24/19 7:00,1296,-19.194,0.001,44.352,108.09,466.504
1/24/19 8:00,1297,-17.349,0.001,142.252,285.449,1234.825
1/24/19 9:00,1298,-15.424,0.001,242.654,425.098,2190.108
1/24/19 10:00,1299,-13.837,0.001,308.112,512.229,2471.933
1/24/19 11:00,1300,-12.524,0.001,325.032,540.906,2676.037
1/24/19 12:00,1301,-11.731,0.001,293.701,509.165,2466.167
1/24/19 13:00,1302,-11.594,0.001,221.198,419.203,1863.703
1/24/19 14:00,1303,-12.046,0.001,123.871,277.14,1055.696
1/24/19 15:00,1304,-13.628,0.001,31.915,95.191,275.022
1/24/19 16:00,1305,-16.135,0.001,0.16,1.009,0
1/24/19 17:00,1306,-17.332,0.001,0,0,0
1/24/19 18:00,1307,-17.962,0.001,0,0,0
1/24/19 19:00,1308,-18.454,0.001,0,0,0
1/24/19 20:00,1309,-18.783,0.001,0,0,0
1/24/19 21:00,1310,-19.02,0.001,0,0,0
1/24/19 22:00,1311,-18.981,0.001,0,0,0
1/24/19 23:00,1312,-18.703,0.001,0,0,0
1/25/19 0:00,1313,-18.561,0.001,0,0,0
1/25/19 1:00,1314,-18.434,0.001,0,0,0
1/25/19 2:00,1315,-18.252,0.001,0,0,0
1/25/19 3:00,1316,-18.084,0.001,0,0,0
1/25/19 4:00,1317,-17.95,0.001,0,0,0
1/25/19 5:00,1318,-17.877,0.001,0,0,0
1/25/19 6:00,1319,-17.739,0.001,1.17,4.679,0
1/25/19 7:00,1320,-16.724,0.001,38.682,112.195,164.837
1/25/19 8:00,1321,-15.284,0.001,125.431,290.377,309.739
1/25/19 9:00,1322,-14.233,0.001,209.611,430.199,519.909
1/25/19 10:00,1323,-13.216,0.001,263.499,517.442,821.051
1/25/19 11:00,1324,-12.371,0.001,273.666,546.154,1184.028
1/25/19 12:00,1325,-11.832,0.001,251.341,514.386,959.044
1/25/19 13:00,1326,-11.567,0.001,196.713,424.312,739.848
1/25/19 14:00,1327,-11.658,0.001,117.531,282.077,416.456
1/25/19 15:00,1328,-12.523,0.001,34.052,99.486,118.406
1/25/19 16:00,1329,-14.477,0.001,0.338,1.244,0
1/25/19 17:00,1330,-15.029,0.001,0,0,0
1/25/19 18:00,1331,-15.652,0.001,0,0,0
1/25/19 19:00,1332,-17.012,0.001,0,0,0
1/25/19 20:00,1333,-17.613,0.001,0,0,0
1/25/19 21:00,1334,-17.489,0.001,0,0,0
1/25/19 22:00,1335,-17.391,0.001,0,0,0
1/25/19 23:00,1336,-18.046,0.001,0,0,0
1/26/19 0:00,1337,-18.77,0.001,0,0,0
1/26/19 1:00,1338,-19.089,0.001,0,0,0
1/26/19 2:00,1339,-19.526,0.001,0,0,0
1/26/19 3:00,1340,-19.625,0.001,0,0,0
1/26/19 4:00,1341,-20.095,0.001,0,0,0
1/26/19 5:00,1342,-20.285,0.001,0,0,0
1/26/19 6:00,1343,-20.351,0.001,1.756,5.301,0
1/26/19 7:00,1344,-19.358,0.001,55.399,116.448,684.123
1/26/19 8:00,1345,-17.018,0.001,185.88,295.408,3291.457
1/26/19 9:00,1346,-14.427,0.001,310.35,435.417,3815.894
1/26/19 10:00,1347,-12.261,0.001,389.996,522.776,3867.073
1/26/19 11:00,1348,-10.432,0.001,414.188,551.518,3759.549
1/26/19 12:00,1349,-9.301,0.001,384.496,519.723,3600.801
1/26/19 13:00,1350,-8.91,0.001,305.371,429.539,3263.011
1/26/19 14:00,1351,-9.393,0.001,186.424,287.127,2545.804
1/26/19 15:00,1352,-11.98,0.001,55.07,103.946,1019.553
1/26/19 16:00,1353,-15.185,0.001,0.513,1.527,0
1/26/19 17:00,1354,-15.9,0.001,0,0,0
1/26/19 18:00,1355,-16.262,0.001,0,0,0
1/26/19 19:00,1356,-16.463,0.001,0,0,0
1/26/19 20:00,1357,-16.687,0.001,0,0,0
1/26/19 21:00,1358,-16.883,0.001,0,0,0
1/26/19 22:00,1359,-16.952,0.001,0,0,0
1/26/19 23:00,1360,-16.899,0.001,0,0,0
1/27/19 0:00,1361,-16.876,0.001,0,0,0
1/27/19 1:00,1362,-16.928,0.001,0,0,0
1/27/19 2:00,1363,-17.15,0.001,0,0,0
1/27/19 3:00,1364,-17.492,0.001,0,0,0
1/27/19 4:00,1365,-17.822,0.001,0,0,0
1/27/19 5:00,1366,-17.975,0.001,0,0,0
1/27/19 6:00,1367,-17.794,0.001,2.052,5.991,0
1/27/19 7:00,1368,-16.242,0.001,54.729,120.851,768.004
1/27/19 8:00,1369,-13.585,0.001,166.798,300.552,968.418
1/27/19 9:00,1370,-11.325,0.001,271.316,440.739,1519.005
1/27/19 10:00,1371,-9.106,0.001,338.344,528.21,2568.076
1/27/19 11:00,1372,-7.49,0.001,355.725,556.999,3273.975
1/27/19 12:00,1373,-6.579,0.001,324.418,525.159,3230.025
1/27/19 13:00,1374,-6.308,0.001,251.744,434.869,2861.925
1/27/19 14:00,1375,-6.81,0.002,151.432,292.291,2052.339
1/27/19 15:00,1376,-9.705,0.001,44.509,108.561,625.198
1/27/19 16:00,1377,-12.917,0.001,0.454,1.867,0
1/27/19 17:00,1378,-13.679,0.001,0,0,0
1/27/19 18:00,1379,-14.294,0.001,0,0,0
1/27/19 19:00,1380,-14.652,0.001,0,0,0
1/27/19 20:00,1381,-14.695,0.001,0,0,0
1/27/19 21:00,1382,-14.252,0.001,0,0,0
1/27/19 22:00,1383,-13.805,0.001,0,0,0
1/27/19 23:00,1384,-14.139,0.001,0,0,0
1/28/19 0:00,1385,-14.711,0.001,0,0,0
1/28/19 1:00,1386,-15.164,0.001,0,0,0
1/28/19 2:00,1387,-16.138,0.001,0,0,0
1/28/19 3:00,1388,-17.013,0.001,0,0,0
1/28/19 4:00,1389,-16.744,0.001,0,0,0
1/28/19 5:00,1390,-16.767,0.001,0,0,0
1/28/19 6:00,1391,-17.236,0.001,1.409,6.756,199.084
1/28/19 7:00,1392,-16.98,0.001,47.129,125.401,506.581
1/28/19 8:00,1393,-15.247,0.001,155.587,305.805,1555.861
1/28/19 9:00,1394,-13.442,0.001,266.187,446.17,2164.124
1/28/19 10:00,1395,-11.742,0.001,343.041,533.758,2538.408
1/28/19 11:00,1396,-10.733,0.001,369.729,562.598,2572.143
1/28/19 12:00,1397,-10.496,0.001,344.597,530.714,1726.176
1/28/19 13:00,1398,-10.59,0.001,272.947,440.32,1208.511
1/28/19 14:00,1399,-10.989,0.001,166.892,297.557,543.379
1/28/19 15:00,1400,-11.873,0.001,51.942,113.325,154.805
1/28/19 16:00,1401,-14.298,0.001,0.724,2.272,0
1/28/19 17:00,1402,-16.056,0.001,0,0,0
1/28/19 18:00,1403,-17.205,0.001,0,0,0
1/28/19 19:00,1404,-17.959,0.001,0,0,0
1/28/19 20:00,1405,-18.507,0.001,0,0,0
1/28/19 21:00,1406,-18.933,0.001,0,0,0
1/28/19 22:00,1407,-19.313,0.001,0,0,0
1/28/19 23:00,1408,-19.644,0.001,0,0,0
1/29/19 0:00,1409,-19.851,0.001,0,0,0
1/29/19 1:00,1410,-19.842,0.001,0,0,0
1/29/19 2:00,1411,-19.805,0.001,0,0,0
1/29/19 3:00,1412,-19.678,0.001,0,0,0
1/29/19 4:00,1413,-19.575,0.001,0,0,0
1/29/19 5:00,1414,-19.55,0.001,0,0,0
1/29/19 6:00,1415,-19.664,0.001,2.448,7.601,4.289
1/29/19 7:00,1416,-18.102,0.001,57.263,130.09,807.542
1/29/19 8:00,1417,-15.178,0.001,177.666,311.162,2754.174
1/29/19 9:00,1418,-12.297,0.001,285,451.711,3305.879
1/29/19 10:00,1419,-9.638,0.001,347.051,539.407,3363.515
1/29/19 11:00,1420,-8.136,0.001,355.513,568.28,3100.147
1/29/19 12:00,1421,-7.46,0.001,315.19,536.37,2467.26
1/29/19 13:00,1422,-7.397,0.001,233.113,445.858,1699.792
1/29/19 14:00,1423,-7.993,0.001,131.627,302.92,820.592
1/29/19 15:00,1424,-9.557,0.001,39.347,118.236,177.081
1/29/19 16:00,1425,-10.93,0.001,0.717,2.752,0
1/29/19 17:00,1426,-11.154,0.001,0,0,0
1/29/19 18:00,1427,-12.082,0.001,0,0,0
1/29/19 19:00,1428,-13.506,0.001,0,0,0
1/29/19 20:00,1429,-13.966,0.001,0,0,0
1/29/19 21:00,1430,-14.525,0.001,0,0,0
1/29/19 22:00,1431,-14.7,0.001,0,0,0
1/29/19 23:00,1432,-14.74,0.001,0,0,0
1/30/19 0:00,1433,-14.67,0.001,0,0,0
1/30/19 1:00,1434,-14.038,0.001,0,0,0
1/30/19 2:00,1435,-13.295,0.001,0,0,0
1/30/19 3:00,1436,-12.695,0.001,0,0,0
1/30/19 4:00,1437,-12.795,0.001,0,0,0
1/30/19 5:00,1438,-12.952,0.001,0,0,0
1/30/19 6:00,1439,-12.906,0.001,2.159,8.532,0
1/30/19 7:00,1440,-12.677,0.001,52.358,134.922,220.723
1/30/19 8:00,1441,-11.966,0.001,159.951,316.62,665.596
1/30/19 9:00,1442,-11.164,0.001,263.793,457.351,1127.986
1/30/19 10:00,1443,-10.646,0.001,329.859,545.161,1529.527
1/30/19 11:00,1444,-10.43,0.001,332.772,574.068,1392.06
1/30/19 12:00,1445,-10.567,0.001,291.975,542.133,881.064
1/30/19 13:00,1446,-10.984,0.001,226.652,451.507,443.233
1/30/19 14:00,1447,-11.529,0.001,141.066,308.396,207.985
1/30/19 15:00,1448,-12.323,0.001,49.793,123.289,26.463
1/30/19 16:00,1449,-13.131,0.001,1.119,3.317,0
1/30/19 17:00,1450,-13.52,0.001,0,0,0
1/30/19 18:00,1451,-13.831,0.001,0,0,0
1/30/19 19:00,1452,-14.225,0.001,0,0,0
1/30/19 20:00,1453,-14.856,0.001,0,0,0
1/30/19 21:00,1454,-15.707,0.001,0,0,0
1/30/19 22:00,1455,-16.548,0.001,0,0,0
1/30/19 23:00,1456,-17.391,0.001,0,0,0
1/31/19 0:00,1457,-18.337,0.001,0,0,0
1/31/19 1:00,1458,-19.825,0.001,0,0,0
1/31/19 2:00,1459,-21.603,0,0,0,0
1/31/19 3:00,1460,-22.774,0,0,0,0
1/31/19 4:00,1461,-23.925,0,0,0,0
1/31/19 5:00,1462,-24.569,0,0,0,0
1/31/19 6:00,1463,-24.972,0,3.807,9.557,15.77
1/31/19 7:00,1464,-24.069,0,80.122,139.891,1902.655
1/31/19 8:00,1465,-21.056,0,221.705,322.181,3555.602
1/31/19 9:00,1466,-18.814,0,344.006,463.087,3948.113
1/31/19 10:00,1467,-17.18,0.001,421.922,551.005,4005.425
1/31/19 11:00,1468,-16.041,0.001,443.749,579.961,3479.463
1/31/19 12:00,1469,-15.558,0.001,409.802,547.972,2352.88
1/31/19 13:00,1470,-15.533,0.001,323.045,457.242,1034.527
1/31/19 14:00,1471,-15.682,0.001,193.636,313.966,553.987
1/31/19 15:00,1472,-16.126,0.001,61.733,128.47,175.329
1/31/19 16:00,1473,-17.12,0.001,1.296,3.98,0
1/31/19 17:00,1474,-18.391,0.001,0,0,0
1/31/19 18:00,1475,-20.371,0.001,0,0,0
1/31/19 19:00,1476,-21.631,0.001,0,0,0
1/31/19 20:00,1477,-22.264,0.001,0,0,0
1/31/19 21:00,1478,-22.567,0.001,0,0,0
1/31/19 22:00,1479,-22.795,0.001,0,0,0
1/31/19 23:00,1480,-22.881,0.001,0,0,0
2/1/19 0:00,1481,-22.596,0.001,0,0,0
2/1/19 1:00,1482,-22.317,0.001,0,0,0
2/1/19 2:00,1483,-22.219,0.001,0,0,0
2/1/19 3:00,1484,-22.3,0.001,0,0,0
2/1/19 4:00,1485,-22.418,0.001,0,0,0
2/1/19 5:00,1486,-22.13,0.001,0,0,0
2/1/19 6:00,1487,-21.442,0.001,3.337,10.681,2.756
2/1/19 7:00,1488,-19.458,0.001,58.854,144.992,653.659
2/1/19 8:00,1489,-16.559,0.001,168.562,327.834,1770.965
2/1/19 9:00,1490,-14.018,0.001,273.016,468.917,2989.819
2/1/19 10:00,1491,-11.822,0.001,345.2,556.954,3579.856
2/1/19 11:00,1492,-10.676,0.001,371.423,585.948,3420.7
2/1/19 12:00,1493,-10.236,0.001,351.513,553.936,3465.986
2/1/19 13:00,1494,-10.234,0.001,283.647,463.087,3247.944
2/1/19 14:00,1495,-10.796,0.001,180.174,319.633,2568.105
2/1/19 15:00,1496,-13.437,0.001,61.974,133.777,1136.176
2/1/19 16:00,1497,-16.545,0.001,1.378,4.751,0
2/1/19 17:00,1498,-16.969,0.001,0,0,0
2/1/19 18:00,1499,-17.219,0.001,0,0,0
2/1/19 19:00,1500,-17.479,0.001,0,0,0
2/1/19 20:00,1501,-17.699,0.001,0,0,0
2/1/19 21:00,1502,-17.846,0.001,0,0,0
2/1/19 22:00,1503,-18.114,0.001,0,0,0
2/1/19 23:00,1504,-18.431,0.001,0,0,0
2/2/19 0:00,1505,-18.742,0.001,0,0,0
2/2/19 1:00,1506,-19.098,0.001,0,0,0
2/2/19 2:00,1507,-19.56,0.001,0,0,0
2/2/19 3:00,1508,-20.174,0.001,0,0,0
2/2/19 4:00,1509,-20.821,0.001,0,0,0
2/2/19 5:00,1510,-21.027,0.001,0,0,0
2/2/19 6:00,1511,-20.948,0.001,4.327,11.913,16.317
2/2/19 7:00,1512,-19.34,0.001,63.281,150.228,780.273
2/2/19 8:00,1513,-16.241,0.001,159.492,333.578,1194.251
2/2/19 9:00,1514,-14.058,0.001,244.817,474.841,1741.02
2/2/19 10:00,1515,-11.561,0.001,300.051,562.997,2233.995
2/2/19 11:00,1516,-9.961,0.001,312.591,592.02,2100.384
2/2/19 12:00,1517,-9.055,0.001,292.215,559.969,1727.488
2/2/19 13:00,1518,-9.006,0.001,227.919,469.017,1038.435
2/2/19 14:00,1519,-9.732,0.001,135.962,325.389,407.178
2/2/19 15:00,1520,-10.991,0.001,42.712,139.201,74.354
2/2/19 16:00,1521,-12.142,0.001,1.209,5.638,0
2/2/19 17:00,1522,-12.834,0.001,0,0,0
2/2/19 18:00,1523,-13.395,0.001,0,0,0
2/2/19 19:00,1524,-13.916,0.001,0,0,0
2/2/19 20:00,1525,-14.511,0.001,0,0,0
2/2/19 21:00,1526,-14.956,0.001,0,0,0
2/2/19 22:00,1527,-14.944,0.001,0,0,0
2/2/19 23:00,1528,-15.422,0.001,0,0,0
2/3/19 0:00,1529,-16.105,0.001,0,0,0
2/3/19 1:00,1530,-16.651,0.001,0,0,0
2/3/19 2:00,1531,-17.123,0.001,0,0,0
2/3/19 3:00,1532,-17.396,0.001,0,0,0
2/3/19 4:00,1533,-17.473,0.001,0,0,0
2/3/19 5:00,1534,-17.119,0.001,0,0,0
2/3/19 6:00,1535,-16.685,0.001,2.783,13.259,0
2/3/19 7:00,1536,-15.6,0.001,41.026,155.583,129.59
2/3/19 8:00,1537,-13.802,0.001,118.403,339.414,386.292
2/3/19 9:00,1538,-12.203,0.001,202.852,480.86,655.113
2/3/19 10:00,1539,-10.734,0.001,271.155,569.118,868.058
2/3/19 11:00,1540,-9.932,0.001,299.717,598.183,1102.241
2/3/19 12:00,1541,-9.765,0.001,291.893,566.097,860.214
2/3/19 13:00,1542,-10.229,0.001,238.531,475.042,563.803
2/3/19 14:00,1543,-11.098,0.001,146.274,331.233,340.147
2/3/19 15:00,1544,-12.304,0.001,53.104,144.732,81.639
2/3/19 16:00,1545,-13.644,0.001,2.045,6.653,0
2/3/19 17:00,1546,-14.779,0.001,0,0,0
2/3/19 18:00,1547,-15.891,0.001,0,0,0
2/3/19 19:00,1548,-16.948,0.001,0,0,0
2/3/19 20:00,1549,-17.782,0.001,0,0,0
2/3/19 21:00,1550,-18.657,0.001,0,0,0
2/3/19 22:00,1551,-19.993,0.001,0,0,0
2/3/19 23:00,1552,-21.363,0.001,0,0,0
2/4/19 0:00,1553,-22.481,0,0,0,0
2/4/19 1:00,1554,-22.919,0,0,0,0
2/4/19 2:00,1555,-23.297,0,0,0,0
2/4/19 3:00,1556,-24.014,0,0,0,0
2/4/19 4:00,1557,-24.523,0,0,0,0
2/4/19 5:00,1558,-25.025,0,0,0,0
2/4/19 6:00,1559,-25.298,0,6.628,14.729,30.592
2/4/19 7:00,1560,-24.352,0,97.423,161.057,978.211
2/4/19 8:00,1561,-22.335,0,246.151,345.34,3272.096
2/4/19 9:00,1562,-20.969,0,371.165,486.952,3986.9
2/4/19 10:00,1563,-19.91,0,445.004,575.333,4108.631
2/4/19 11:00,1564,-19.343,0,462.301,604.438,3747.184
2/4/19 12:00,1565,-19.095,0,422.976,572.308,3536.289
2/4/19 13:00,1566,-19.111,0,334.756,481.145,2888.835
2/4/19 14:00,1567,-19.422,0,208.068,337.166,1878.129
2/4/19 15:00,1568,-20.093,0,72.988,150.372,785.132
2/4/19 16:00,1569,-21.971,0,2.295,7.803,0
2/4/19 17:00,1570,-23.548,0,0,0,0
2/4/19 18:00,1571,-24.544,0,0,0,0
2/4/19 19:00,1572,-24.972,0,0,0,0
2/4/19 20:00,1573,-24.701,0,0,0,0
2/4/19 21:00,1574,-24.504,0,0,0,0
2/4/19 22:00,1575,-24.462,0,0,0,0
2/4/19 23:00,1576,-24.599,0,0,0,0
2/5/19 0:00,1577,-25.028,0,0,0,0
2/5/19 1:00,1578,-25.331,0,0,0,0
2/5/19 2:00,1579,-25.282,0,0,0,0
2/5/19 3:00,1580,-24.719,0,0,0,0
2/5/19 4:00,1581,-23.996,0,0,0,0
2/5/19 5:00,1582,-23.437,0,0,0,0
2/5/19 6:00,1583,-23.658,0,5.202,16.329,25.577
2/5/19 7:00,1584,-23.059,0,85.226,166.649,1751.542
2/5/19 8:00,1585,-21.489,0,230.279,351.342,3904.784
2/5/19 9:00,1586,-20.876,0,353.799,493.126,4284.454
2/5/19 10:00,1587,-20.646,0,426.767,581.608,4315.771
2/5/19 11:00,1588,-20.6,0,438.619,610.748,3835.476
2/5/19 12:00,1589,-20.628,0,409.41,578.598,3341.866
2/5/19 13:00,1590,-20.733,0,332.833,487.324,3014.463
2/5/19 14:00,1591,-21.11,0,213.148,343.175,2310.018
2/5/19 15:00,1592,-21.836,0,79.556,156.109,1198.079
2/5/19 16:00,1593,-23.236,0,3.213,9.096,1.07
2/5/19 17:00,1594,-24.757,0,0,0,0
2/5/19 18:00,1595,-25.802,0,0,0,0
2/5/19 19:00,1596,-26.279,0,0,0,0
2/5/19 20:00,1597,-26.736,0,0,0,0
2/5/19 21:00,1598,-27.33,0,0,0,0
2/5/19 22:00,1599,-27.668,0,0,0,0
2/5/19 23:00,1600,-27.989,0,0,0,0
2/6/19 0:00,1601,-28.267,0,0,0,0
2/6/19 1:00,1602,-28.458,0,0,0,0
2/6/19 2:00,1603,-28.627,0,0,0,0
2/6/19 3:00,1604,-28.835,0,0,0,0
2/6/19 4:00,1605,-29.04,0,0,0,0
2/6/19 5:00,1606,-29.255,0,0,0,0
2/6/19 6:00,1607,-29.414,0,7.424,18.067,195.308
2/6/19 7:00,1608,-27.252,0,100.515,172.341,3340.115
2/6/19 8:00,1609,-23.902,0,246.637,357.423,4195.759
2/6/19 9:00,1610,-21.902,0,365.64,499.39,4462.601
2/6/19 10:00,1611,-21.02,0,436.575,587.975,4500
2/6/19 11:00,1612,-20.614,0,454.128,617.162,4374.326
2/6/19 12:00,1613,-20.556,0,415.276,584.969,4265.231
2/6/19 13:00,1614,-20.712,0,323.922,493.586,3824.836
2/6/19 14:00,1615,-21.19,0,203.068,349.266,2636.913
2/6/19 15:00,1616,-22.089,0,76.315,161.941,852.839
2/6/19 16:00,1617,-23.989,0,3.588,10.539,0.229
2/6/19 17:00,1618,-24.998,0,0,0,0
2/6/19 18:00,1619,-25.822,0,0,0,0
2/6/19 19:00,1620,-26.626,0,0,0,0
2/6/19 20:00,1621,-27.348,0,0,0,0
2/6/19 21:00,1622,-27.803,0,0,0,0
2/6/19 22:00,1623,-28.18,0,0,0,0
2/6/19 23:00,1624,-28.611,0,0,0,0
2/7/19 0:00,1625,-28.827,0,0,0,0
2/7/19 1:00,1626,-29.061,0,0,0,0
2/7/19 2:00,1627,-29.356,0,0,0,0
2/7/19 3:00,1628,-29.722,0,0,0,0
2/7/19 4:00,1629,-30.044,0,0,0,0
2/7/19 5:00,1630,-30.266,0,0,0,0
2/7/19 6:00,1631,-30.602,0,8.307,19.95,174.528
2/7/19 7:00,1632,-29.258,0,102.943,178.144,2999.435
2/7/19 8:00,1633,-26.213,0,247.802,363.587,4006.309
2/7/19 9:00,1634,-24.875,0,359.716,505.719,4291.398
2/7/19 10:00,1635,-24.036,0,418.334,594.409,3742.789
2/7/19 11:00,1636,-23.498,0,419.283,623.629,2721.523
2/7/19 12:00,1637,-23.385,0,363.456,591.4,1662.674
2/7/19 13:00,1638,-23.47,0,272.116,499.913,1023.556
2/7/19 14:00,1639,-23.67,0,162.492,355.436,582.676
2/7/19 15:00,1640,-23.968,0,60.413,167.859,203.136
2/7/19 16:00,1641,-24.302,0,3.474,12.14,0
2/7/19 17:00,1642,-24.4,0,0,0,0
2/7/19 18:00,1643,-24.546,0,0,0,0
2/7/19 19:00,1644,-24.697,0,0,0,0
2/7/19 20:00,1645,-24.73,0,0,0,0
2/7/19 21:00,1646,-24.748,0,0,0,0
2/7/19 22:00,1647,-24.873,0,0,0,0
2/7/19 23:00,1648,-25.16,0,0,0,0
2/8/19 0:00,1649,-25.825,0,0,0,0
2/8/19 1:00,1650,-26.748,0,0,0,0
2/8/19 2:00,1651,-27.111,0,0,0,0
2/8/19 3:00,1652,-26.943,0,0,0,0
2/8/19 4:00,1653,-27.114,0,0,0,0
2/8/19 5:00,1654,-27.299,0,0,0,0
2/8/19 6:00,1655,-27.34,0,9.044,21.985,47.276
2/8/19 7:00,1656,-26.06,0,103.742,184.044,1156.034
2/8/19 8:00,1657,-23.713,0,254.641,369.82,2736.147
2/8/19 9:00,1658,-21.118,0,378.579,512.115,3840.409
2/8/19 10:00,1659,-18.85,0.001,452.682,600.924,4159.113
2/8/19 11:00,1660,-17.859,0.001,462.146,630.173,2861.755
2/8/19 12:00,1661,-17.568,0.001,401.752,597.911,1633.166
2/8/19 13:00,1662,-17.458,0.001,302.491,506.322,971.372
2/8/19 14:00,1663,-17.494,0.001,186.485,361.675,528.843
2/8/19 15:00,1664,-17.851,0.001,74.207,173.862,218.178
2/8/19 16:00,1665,-19.172,0.001,4.711,13.906,0
2/8/19 17:00,1666,-20.066,0.001,0,0,0
2/8/19 18:00,1667,-20.54,0.001,0,0,0
2/8/19 19:00,1668,-20.697,0.001,0,0,0
2/8/19 20:00,1669,-21.239,0.001,0,0,0
2/8/19 21:00,1670,-21.92,0.001,0,0,0
2/8/19 22:00,1671,-22.379,0,0,0,0
2/8/19 23:00,1672,-22.945,0,0,0,0
2/9/19 0:00,1673,-23.524,0,0,0,0
2/9/19 1:00,1674,-24.075,0,0,0,0
2/9/19 2:00,1675,-24.703,0,0,0,0
2/9/19 3:00,1676,-25.076,0,0,0,0
2/9/19 4:00,1677,-25.25,0,0,0,0
2/9/19 5:00,1678,-25.148,0,0,0,0
2/9/19 6:00,1679,-24.783,0,9.799,24.175,105.045
2/9/19 7:00,1680,-22.479,0,104.893,190.037,1300.915
2/9/19 8:00,1681,-19.372,0,258.35,376.119,3492.119
2/9/19 9:00,1682,-16.344,0.001,389.511,518.591,4154.223
2/9/19 10:00,1683,-14.471,0.001,467.338,607.488,4209.646
2/9/19 11:00,1684,-13.638,0.001,484.759,636.779,4069.463
2/9/19 12:00,1685,-13.356,0.001,444.042,604.48,3633.183
2/9/19 13:00,1686,-13.517,0.001,349.428,512.791,2425.114
2/9/19 14:00,1687,-13.942,0.001,222.367,367.987,1516.359
2/9/19 15:00,1688,-14.825,0.001,90.624,179.947,708.189
2/9/19 16:00,1689,-17.159,0.001,5.902,15.84,17.429
2/9/19 17:00,1690,-18.658,0.001,0,0,0
2/9/19 18:00,1691,-20.035,0.001,0,0,0
2/9/19 19:00,1692,-21.311,0.001,0,0,0
2/9/19 20:00,1693,-22.245,0.001,0,0,0
2/9/19 21:00,1694,-22.868,0.001,0,0,0
2/9/19 22:00,1695,-23.342,0.001,0,0,0
2/9/19 23:00,1696,-23.776,0.001,0,0,0
2/10/19 0:00,1697,-24.158,0,0,0,0
2/10/19 1:00,1698,-24.368,0,0,0,0
2/10/19 2:00,1699,-24.366,0,0,0,0
2/10/19 3:00,1700,-24.416,0,0,0,0
2/10/19 4:00,1701,-24.452,0,0,0,0
2/10/19 5:00,1702,-24.537,0,0,0,0
2/10/19 6:00,1703,-24.582,0,11.293,26.528,208.664
2/10/19 7:00,1704,-22.258,0,113.081,196.124,2116.683
2/10/19 8:00,1705,-18.997,0.001,271.369,382.495,4054.288
2/10/19 9:00,1706,-15.636,0.001,401.544,525.125,4350.374
2/10/19 10:00,1707,-13.608,0.001,482.16,614.119,4355.203
2/10/19 11:00,1708,-12.661,0.001,507.452,643.453,4212.888
2/10/19 12:00,1709,-12.284,0.001,477.573,611.11,4118.729
2/10/19 13:00,1710,-12.293,0.001,391.684,519.33,3849.031
2/10/19 14:00,1711,-12.788,0.001,258.258,374.364,3267.76
2/10/19 15:00,1712,-14.372,0.001,105.096,186.11,1929.038
2/10/19 16:00,1713,-18.639,0.001,6.982,17.949,80.847
2/10/19 17:00,1714,-20.237,0.001,0,0,0
2/10/19 18:00,1715,-20.993,0.001,0,0,0
2/10/19 19:00,1716,-21.509,0.001,0,0,0
2/10/19 20:00,1717,-21.938,0.001,0,0,0
2/10/19 21:00,1718,-22.19,0.001,0,0,0
2/10/19 22:00,1719,-22.182,0,0,0,0
2/10/19 23:00,1720,-22.025,0,0,0,0
2/11/19 0:00,1721,-22.084,0,0,0,0
2/11/19 1:00,1722,-22.346,0,0,0,0
2/11/19 2:00,1723,-22.808,0,0,0,0
2/11/19 3:00,1724,-23.279,0,0,0,0
2/11/19 4:00,1725,-23.659,0,0,0,0
2/11/19 5:00,1726,-23.949,0,0,0,0
2/11/19 6:00,1727,-23.855,0,11.952,29.049,244.574
2/11/19 7:00,1728,-20.805,0,108.369,202.297,1765.564
2/11/19 8:00,1729,-17.504,0.001,247.635,388.929,2222.136
2/11/19 9:00,1730,-14.565,0.001,367.736,531.713,2921.291
2/11/19 10:00,1731,-12.86,0.001,442.952,620.817,3162.29
2/11/19 11:00,1732,-12.427,0.001,457.288,650.178,2319.477
2/11/19 12:00,1733,-12.496,0.001,416.742,617.807,1261.056
2/11/19 13:00,1734,-12.72,0.001,330.829,525.928,812.762
2/11/19 14:00,1735,-13.142,0.001,212.94,380.802,479.886
2/11/19 15:00,1736,-14.06,0.001,88.938,192.342,255.868
2/11/19 16:00,1737,-16.605,0.001,7.42,20.24,1.812
2/11/19 17:00,1738,-18.028,0.001,0,0,0
2/11/19 18:00,1739,-19.171,0.001,0,0,0
2/11/19 19:00,1740,-20.696,0.001,0,0,0
2/11/19 20:00,1741,-22.061,0.001,0,0,0
2/11/19 21:00,1742,-22.93,0.001,0,0,0
2/11/19 22:00,1743,-23.591,0.001,0,0,0
2/11/19 23:00,1744,-24.163,0.001,0,0,0
2/12/19 0:00,1745,-24.635,0,0,0,0
2/12/19 1:00,1746,-24.974,0,0,0,0
2/12/19 2:00,1747,-25.259,0,0,0,0
2/12/19 3:00,1748,-25.564,0,0,0,0
2/12/19 4:00,1749,-25.76,0,0,0,0
2/12/19 5:00,1750,-25.873,0,0,0,0
2/12/19 6:00,1751,-25.872,0,14.231,31.744,334.043
2/12/19 7:00,1752,-23.425,0,127.228,208.543,2624.45
2/12/19 8:00,1753,-19.899,0,284.742,395.429,4192.358
2/12/19 9:00,1754,-16.881,0.001,411.006,538.372,4378.205
2/12/19 10:00,1755,-15.045,0.001,490.291,627.567,4390.153
2/12/19 11:00,1756,-14.119,0.001,515.345,656.967,4246.781
2/12/19 12:00,1757,-13.578,0.001,478.294,624.557,4135.015
2/12/19 13:00,1758,-13.485,0.001,381.961,532.575,3572.214
2/12/19 14:00,1759,-13.797,0.001,248.872,387.308,2433.973
2/12/19 15:00,1760,-14.614,0.001,107.441,198.641,906.806
2/12/19 16:00,1761,-17.124,0.001,9.239,22.718,58.698
2/12/19 17:00,1762,-18.528,0.001,0,0,0
2/12/19 18:00,1763,-18.648,0.001,0,0,0
2/12/19 19:00,1764,-19.063,0.001,0,0,0
2/12/19 20:00,1765,-20.134,0.001,0,0,0
2/12/19 21:00,1766,-21.24,0.001,0,0,0
2/12/19 22:00,1767,-21.879,0.001,0,0,0
2/12/19 23:00,1768,-22.353,0.001,0,0,0
2/13/19 0:00,1769,-22.84,0.001,0,0,0
2/13/19 1:00,1770,-23.181,0.001,0,0,0
2/13/19 2:00,1771,-23.412,0.001,0,0,0
2/13/19 3:00,1772,-23.524,0.001,0,0,0
2/13/19 4:00,1773,-23.66,0,0,0,0
2/13/19 5:00,1774,-23.835,0,0,0,0
2/13/19 6:00,1775,-23.72,0,15.237,34.619,587.724
2/13/19 7:00,1776,-20.593,0.001,125.874,214.871,3151.814
2/13/19 8:00,1777,-17.171,0.001,284.085,401.979,3953.42
2/13/19 9:00,1778,-13.847,0.001,415.213,545.072,4281.643
2/13/19 10:00,1779,-11.551,0.001,495.679,634.362,4314.466
2/13/19 11:00,1780,-10.269,0.001,522.14,663.795,4174.593
2/13/19 12:00,1781,-9.675,0.001,492.055,631.367,4085.915
2/13/19 13:00,1782,-9.5,0.001,409.288,539.289,3817.755
2/13/19 14:00,1783,-9.838,0.001,281.492,393.86,3260.544
2/13/19 15:00,1784,-11.019,0.001,127.141,205.005,2022.621
2/13/19 16:00,1785,-14.337,0.001,11.363,25.386,177.449
2/13/19 17:00,1786,-16.252,0.001,0,0,0
2/13/19 18:00,1787,-16.891,0.001,0,0,0
2/13/19 19:00,1788,-17.581,0.001,0,0,0
2/13/19 20:00,1789,-18.349,0.001,0,0,0
2/13/19 21:00,1790,-19.042,0.001,0,0,0
2/13/19 22:00,1791,-19.497,0.001,0,0,0
2/13/19 23:00,1792,-19.879,0.001,0,0,0
2/14/19 0:00,1793,-20.533,0.001,0,0,0
2/14/19 1:00,1794,-21.131,0.001,0,0,0
2/14/19 2:00,1795,-21.583,0.001,0,0,0
2/14/19 3:00,1796,-21.831,0.001,0,0,0
2/14/19 4:00,1797,-21.784,0.001,0,0,0
2/14/19 5:00,1798,-21.59,0.001,0,0,0
2/14/19 6:00,1799,-21.395,0.001,16.545,37.679,267.57
2/14/19 7:00,1800,-19.145,0.001,131.176,221.271,1930.095
2/14/19 8:00,1801,-16.481,0.001,291.999,408.583,4006.843
2/14/19 9:00,1802,-13.623,0.001,423.584,551.827,4308.983
2/14/19 10:00,1803,-11.385,0.001,505.422,641.212,4334.302
2/14/19 11:00,1804,-10.167,0.001,532.224,670.673,4202.64
2/14/19 12:00,1805,-9.592,0.001,502.618,638.21,4118.318
2/14/19 13:00,1806,-9.448,0.001,418.373,546.05,3856.348
2/14/19 14:00,1807,-9.738,0.001,288.616,400.469,3315.263
2/14/19 15:00,1808,-10.966,0.001,132.065,211.426,2109.571
2/14/19 16:00,1809,-14.997,0.001,12.446,28.248,232.477
2/14/19 17:00,1810,-16.822,0.001,0,0,0
2/14/19 18:00,1811,-17.406,0.001,0,0,0
2/14/19 19:00,1812,-18.095,0.001,0,0,0
2/14/19 20:00,1813,-18.727,0.001,0,0,0
2/14/19 21:00,1814,-19.245,0.001,0,0,0
2/14/19 22:00,1815,-19.602,0.001,0,0,0
2/14/19 23:00,1816,-20.025,0.001,0,0,0
2/15/19 0:00,1817,-20.398,0.001,0,0,0
2/15/19 1:00,1818,-20.532,0.001,0,0,0
2/15/19 2:00,1819,-20.509,0.001,0,0,0
2/15/19 3:00,1820,-20.462,0.001,0,0,0
2/15/19 4:00,1821,-20.332,0.001,0,0,0
2/15/19 5:00,1822,-20.222,0.001,0,0,0
2/15/19 6:00,1823,-19.89,0.001,11.047,40.931,138.775
2/15/19 7:00,1824,-17.229,0.001,87.133,227.732,857.671
2/15/19 8:00,1825,-14.108,0.001,202.951,415.25,1543.301
2/15/19 9:00,1826,-11.435,0.001,308.384,558.624,2235.713
2/15/19 10:00,1827,-9.281,0.001,382.595,648.104,2840.686
2/15/19 11:00,1828,-8.042,0.001,415.676,677.589,3335.813
2/15/19 12:00,1829,-7.437,0.001,400.632,645.095,3523.695
2/15/19 13:00,1830,-7.372,0.001,338.881,552.856,3435.637
2/15/19 14:00,1831,-7.914,0.001,238.388,407.132,2926.924
2/15/19 15:00,1832,-9.682,0.001,112.806,217.906,1745.394
2/15/19 16:00,1833,-14.105,0.001,12.444,31.309,192.817
2/15/19 17:00,1834,-15.903,0.001,0,0,0
2/15/19 18:00,1835,-16.787,0.001,0,0,0
2/15/19 19:00,1836,-17.52,0.001,0,0,0
2/15/19 20:00,1837,-18.099,0.001,0,0,0
2/15/19 21:00,1838,-18.519,0.001,0,0,0
2/15/19 22:00,1839,-18.885,0.001,0,0,0
2/15/19 23:00,1840,-19.257,0.001,0,0,0
2/16/19 0:00,1841,-19.63,0.001,0,0,0
2/16/19 1:00,1842,-19.918,0.001,0,0,0
2/16/19 2:00,1843,-20.231,0.001,0,0,0
2/16/19 3:00,1844,-20.589,0.001,0,0,0
2/16/19 4:00,1845,-20.808,0.001,0,0,0
2/16/19 5:00,1846,-20.552,0.001,0,0.001,0
2/16/19 6:00,1847,-19.878,0.001,19.344,44.381,428.494
2/16/19 7:00,1848,-17.165,0.001,140.069,234.251,1879.408
2/16/19 8:00,1849,-14.248,0.001,299.109,421.954,4013.052
2/16/19 9:00,1850,-11.233,0.001,427.605,565.471,4229.16
2/16/19 10:00,1851,-9.013,0.001,506.406,655.036,4237.779
2/16/19 11:00,1852,-7.731,0.001,530.861,684.567,4098.313
2/16/19 12:00,1853,-7.024,0.001,499.615,652.034,4012.269
2/16/19 13:00,1854,-6.805,0.001,414.104,559.684,3738.154
2/16/19 14:00,1855,-7.098,0.001,284.198,413.841,3179.7
2/16/19 15:00,1856,-8.091,0.001,131.861,224.434,1980.136
2/16/19 16:00,1857,-10.514,0.001,14.506,34.572,260.895
2/16/19 17:00,1858,-12.453,0.001,0,0,0
2/16/19 18:00,1859,-13.254,0.001,0,0,0
2/16/19 19:00,1860,-13.571,0.001,0,0,0
2/16/19 20:00,1861,-13.977,0.001,0,0,0
2/16/19 21:00,1862,-14.34,0.001,0,0,0
2/16/19 22:00,1863,-14.706,0.001,0,0,0
2/16/19 23:00,1864,-15.141,0.001,0,0,0
2/17/19 0:00,1865,-15.695,0.001,0,0,0
2/17/19 1:00,1866,-16.121,0.001,0,0,0
2/17/19 2:00,1867,-16.374,0.001,0,0,0
2/17/19 3:00,1868,-16.563,0.001,0,0,0
2/17/19 4:00,1869,-16.423,0.001,0,0,0
2/17/19 5:00,1870,-16.568,0.001,0.001,0.004,0
2/17/19 6:00,1871,-16.442,0.001,19.47,48.027,406.066
2/17/19 7:00,1872,-14.781,0.001,131.309,240.824,1747.832
2/17/19 8:00,1873,-12.432,0.001,283.601,428.705,3299.285
2/17/19 9:00,1874,-10.149,0.001,410.004,572.357,3774.7
2/17/19 10:00,1875,-8.232,0.002,491.704,662.011,4038.839
2/17/19 11:00,1876,-6.822,0.002,521.931,691.561,3987.204
2/17/19 12:00,1877,-5.826,0.002,497.317,658.997,3891.797
2/17/19 13:00,1878,-5.399,0.002,417.365,566.586,3600.574
2/17/19 14:00,1879,-5.506,0.002,292.598,420.593,3027.385
2/17/19 15:00,1880,-6.566,0.002,140.003,231.014,1849.062
2/17/19 16:00,1881,-9.983,0.002,16.765,38.038,275.715
2/17/19 17:00,1882,-11.848,0.002,0,0,0
2/17/19 18:00,1883,-12.113,0.001,0,0,0
2/17/19 19:00,1884,-12.354,0.001,0,0,0
2/17/19 20:00,1885,-12.696,0.001,0,0,0
2/17/19 21:00,1886,-13.107,0.001,0,0,0
2/17/19 22:00,1887,-13.518,0.001,0,0,0
2/17/19 23:00,1888,-13.941,0.001,0,0,0
2/18/19 0:00,1889,-14.433,0.001,0,0,0
2/18/19 1:00,1890,-14.778,0.001,0,0,0
2/18/19 2:00,1891,-14.949,0.001,0,0,0
2/18/19 3:00,1892,-15.123,0.001,0,0,0
2/18/19 4:00,1893,-15.391,0.001,0,0,0
2/18/19 5:00,1894,-15.447,0.001,0.002,0.013,0
2/18/19 6:00,1895,-15.078,0.001,21.276,51.873,837.285
2/18/19 7:00,1896,-11.503,0.001,137.404,247.448,2887.204
2/18/19 8:00,1897,-8.502,0.001,298.409,435.499,3837.965
2/18/19 9:00,1898,-5.46,0.002,431.435,579.28,4060.128
2/18/19 10:00,1899,-3.222,0.002,514.735,669.018,4092.444
2/18/19 11:00,1900,-1.849,0.002,541.238,698.59,3941.218
2/18/19 12:00,1901,-1.137,0.002,511.235,666.003,3856.851
2/18/19 13:00,1902,-1.004,0.002,427.311,573.495,3597.891
2/18/19 14:00,1903,-1.366,0.002,297.28,427.387,3066.829
2/18/19 15:00,1904,-2.616,0.002,140.371,237.642,1953.941
2/18/19 16:00,1905,-6.421,0.002,16.85,41.711,356.812
2/18/19 17:00,1906,-8.408,0.002,0,0,0
2/18/19 18:00,1907,-8.739,0.002,0,0,0
2/18/19 19:00,1908,-9.247,0.002,0,0,0
2/18/19 20:00,1909,-10.167,0.002,0,0,0
2/18/19 21:00,1910,-11.149,0.002,0,0,0
2/18/19 22:00,1911,-11.705,0.002,0,0,0
2/18/19 23:00,1912,-11.917,0.001,0,0,0
2/19/19 0:00,1913,-11.617,0.001,0,0,0
2/19/19 1:00,1914,-10.839,0.001,0,0,0
2/19/19 2:00,1915,-10.589,0.001,0,0,0
2/19/19 3:00,1916,-10.563,0.001,0,0,0
2/19/19 4:00,1917,-10.544,0.001,0,0,0
2/19/19 5:00,1918,-10.112,0.001,0.003,0.031,0
2/19/19 6:00,1919,-9.394,0.001,12.244,55.92,66.584
2/19/19 7:00,1920,-8.223,0.002,74.156,254.119,352.264
2/19/19 8:00,1921,-6.275,0.002,158.271,442.328,483.717
2/19/19 9:00,1922,-4.501,0.002,242.918,586.23,674.283
2/19/19 10:00,1923,-3.142,0.002,304.542,676.044,885.884
2/19/19 11:00,1924,-1.71,0.002,319.121,705.652,1172.143
2/19/19 12:00,1925,-0.697,0.002,293.187,673.036,907.972
2/19/19 13:00,1926,-0.467,0.002,238.386,580.449,703.937
2/19/19 14:00,1927,-1.076,0.002,159.351,434.226,414.885
2/19/19 15:00,1928,-2.38,0.002,73.245,244.312,149.899
2/19/19 16:00,1929,-3.656,0.002,9.761,45.593,3.212
2/19/19 17:00,1930,-4.541,0.002,0,0,0
2/19/19 18:00,1931,-5.209,0.002,0,0,0
2/19/19 19:00,1932,-6.105,0.002,0,0,0
2/19/19 20:00,1933,-6.748,0.002,0,0,0
2/19/19 21:00,1934,-7.43,0.002,0,0,0
2/19/19 22:00,1935,-8.075,0.002,0,0,0
2/19/19 23:00,1936,-8.639,0.002,0,0,0
2/20/19 0:00,1937,-9.249,0.002,0,0,0
2/20/19 1:00,1938,-9.628,0.002,0,0,0
2/20/19 2:00,1939,-10.103,0.002,0,0,0
2/20/19 3:00,1940,-10.489,0.002,0,0,0
2/20/19 4:00,1941,-10.698,0.002,0,0,0
2/20/19 5:00,1942,-10.657,0.001,0.012,0.063,0
2/20/19 6:00,1943,-10.275,0.001,20.154,60.161,594.279
2/20/19 7:00,1944,-8.416,0.002,120.898,260.822,2350.425
2/20/19 8:00,1945,-5.571,0.002,259.115,449.197,3695.856
2/20/19 9:00,1946,-2.317,0.002,386.744,593.22,3956.344
2/20/19 10:00,1947,-0.519,0.002,471.987,683.109,4012.79
2/20/19 11:00,1948,0.297,0.002,505.216,712.741,3902.03
2/20/19 12:00,1949,0.638,0.002,482.933,680.098,3815.759
2/20/19 13:00,1950,0.551,0.002,406.94,587.437,3553.912
2/20/19 14:00,1951,0.001,0.002,286.868,441.09,3037.918
2/20/19 15:00,1952,-1.574,0.002,140.809,251.033,1967.646
2/20/19 16:00,1953,-5.907,0.002,20.178,49.685,450.469
2/20/19 17:00,1954,-7.966,0.002,0,0,0
2/20/19 18:00,1955,-8.739,0.002,0,0,0
2/20/19 19:00,1956,-9.277,0.002,0,0,0
2/20/19 20:00,1957,-9.716,0.002,0,0,0
2/20/19 21:00,1958,-10.246,0.002,0,0,0
2/20/19 22:00,1959,-10.726,0.002,0,0,0
2/20/19 23:00,1960,-11.1,0.002,0,0,0
2/21/19 0:00,1961,-11.45,0.001,0,0,0
2/21/19 1:00,1962,-11.903,0.001,0,0,0
2/21/19 2:00,1963,-12.343,0.001,0,0,0
2/21/19 3:00,1964,-12.821,0.001,0,0,0
2/21/19 4:00,1965,-13.246,0.001,0,0,0
2/21/19 5:00,1966,-13.526,0.001,0.025,0.115,0
2/21/19 6:00,1967,-13.1,0.001,27.076,64.598,1091.126
2/21/19 7:00,1968,-9.578,0.001,146.577,267.575,3003.172
2/21/19 8:00,1969,-6.531,0.002,291.222,456.099,3577.557
2/21/19 9:00,1970,-3.258,0.002,407.111,600.241,3835.155
2/21/19 10:00,1971,-0.836,0.002,477.01,690.188,3889.557
2/21/19 11:00,1972,0.469,0.002,491.309,719.847,3561.577
2/21/19 12:00,1973,0.729,0.002,453.313,687.189,2805.979
2/21/19 13:00,1974,0.415,0.002,366.384,594.445,1900.106
2/21/19 14:00,1975,-0.231,0.002,246.216,447.985,1429.303
2/21/19 15:00,1976,-1.687,0.002,117.602,257.782,534.989
2/21/19 16:00,1977,-4.432,0.002,18.723,53.989,59.962
2/21/19 17:00,1978,-5.489,0.002,0,0.001,0
2/21/19 18:00,1979,-6.338,0.002,0,0,0
2/21/19 19:00,1980,-7.491,0.002,0,0,0
2/21/19 20:00,1981,-8.028,0.002,0,0,0
2/21/19 21:00,1982,-8.543,0.002,0,0,0
2/21/19 22:00,1983,-9.545,0.002,0,0,0
2/21/19 23:00,1984,-10.406,0.002,0,0,0
2/22/19 0:00,1985,-10.935,0.002,0,0,0
2/22/19 1:00,1986,-11.197,0.002,0,0,0
2/22/19 2:00,1987,-11.182,0.002,0,0,0
2/22/19 3:00,1988,-10.631,0.002,0,0,0
2/22/19 4:00,1989,-10.265,0.002,0,0,0
2/22/19 5:00,1990,-10.333,0.002,0.034,0.189,0
2/22/19 6:00,1991,-10.637,0.002,28.287,69.227,1002.345
2/22/19 7:00,1992,-7.926,0.002,150.566,274.358,2554.995
2/22/19 8:00,1993,-4.339,0.002,301.796,463.027,3141.24
2/22/19 9:00,1994,-1.391,0.002,421.761,607.277,3509.348
2/22/19 10:00,1995,0.252,0.002,496.912,697.29,3566.523
2/22/19 11:00,1996,1.026,0.002,516.52,726.975,3422.86
2/22/19 12:00,1997,1.25,0.002,479.331,694.289,3201.827
2/22/19 13:00,1998,1.074,0.002,391.524,601.487,2853.406
2/22/19 14:00,1999,0.449,0.002,273.503,454.918,2113.004
2/22/19 15:00,2000,-0.794,0.002,139.176,264.572,721.347
2/22/19 16:00,2001,-3.466,0.002,24.337,58.505,168.571
2/22/19 17:00,2002,-5.558,0.002,0.001,0.004,0
2/22/19 18:00,2003,-6.45,0.002,0,0,0
2/22/19 19:00,2004,-7.762,0.002,0,0,0
2/22/19 20:00,2005,-8.743,0.002,0,0,0
2/22/19 21:00,2006,-9.677,0.002,0,0,0
2/22/19 22:00,2007,-10.264,0.002,0,0,0
2/22/19 23:00,2008,-10.308,0.002,0,0,0
2/23/19 0:00,2009,-10.148,0.002,0,0,0
2/23/19 1:00,2010,-10.258,0.002,0,0,0
2/23/19 2:00,2011,-10.787,0.002,0,0,0
2/23/19 3:00,2012,-11.626,0.002,0,0,0
2/23/19 4:00,2013,-12.609,0.002,0,0,0
2/23/19 5:00,2014,-13.341,0.002,0.068,0.292,0
2/23/19 6:00,2015,-12.805,0.002,31.939,74.041,1212.398
2/23/19 7:00,2016,-8.277,0.002,162.377,281.181,2893.833
2/23/19 8:00,2017,-4.832,0.002,314.741,469.976,3642.169
2/23/19 9:00,2018,-1.655,0.002,437.332,614.328,3897.361
2/23/19 10:00,2019,0.383,0.002,514.455,704.439,3966.24
2/23/19 11:00,2020,1.589,0.002,536.603,734.108,3872.624
2/23/19 12:00,2021,2.281,0.002,498.824,701.399,3742.367
2/23/19 13:00,2022,2.636,0.002,406.497,608.543,3413.142
2/23/19 14:00,2023,2.532,0.003,275.501,461.867,2775.423
2/23/19 15:00,2024,1.504,0.003,131.405,271.387,1628.61
2/23/19 16:00,2025,-0.458,0.003,20.417,63.232,201.733
2/23/19 17:00,2026,-1.186,0.002,0.002,0.011,0
2/23/19 18:00,2027,-0.81,0.002,0,0,0
2/23/19 19:00,2028,-0.444,0.002,0,0,0
2/23/19 20:00,2029,-0.306,0.002,0,0,0
2/23/19 21:00,2030,-0.558,0.002,0,0,0
2/23/19 22:00,2031,-1.429,0.002,0,0,0
2/23/19 23:00,2032,-2.684,0.002,0,0,0
2/24/19 0:00,2033,-4.03,0.002,0,0,0
2/24/19 1:00,2034,-5.323,0.002,0,0,0
2/24/19 2:00,2035,-6.229,0.002,0,0,0
2/24/19 3:00,2036,-6.552,0.002,0,0,0
2/24/19 4:00,2037,-6.86,0.002,0,0,0
2/24/19 5:00,2038,-7.33,0.002,0.098,0.428,0
2/24/19 6:00,2039,-7.525,0.002,33.757,79.036,979.311
2/24/19 7:00,2040,-6.099,0.002,160.574,288.025,2574.038
2/24/19 8:00,2041,-4.219,0.002,308.048,476.951,3448.746
2/24/19 9:00,2042,-2.683,0.002,424.198,621.402,3845.464
2/24/19 10:00,2043,-1.816,0.002,485.179,711.556,3823.65
2/24/19 11:00,2044,-1.497,0.002,483.185,741.261,3482.314
2/24/19 12:00,2045,-1.53,0.002,439.909,708.54,2972.061
2/24/19 13:00,2046,-1.786,0.002,363.375,615.62,2592.056
2/24/19 14:00,2047,-2.369,0.002,257.124,468.845,1813.176
2/24/19 15:00,2048,-3.228,0.002,133.047,278.236,1208.586
2/24/19 16:00,2049,-4.63,0.002,26.06,68.166,168.581
2/24/19 17:00,2050,-6.048,0.002,0.006,0.027,0
2/24/19 18:00,2051,-7.136,0.002,0,0,0
2/24/19 19:00,2052,-8.092,0.002,0,0,0
2/24/19 20:00,2053,-8.585,0.002,0,0,0
2/24/19 21:00,2054,-8.843,0.002,0,0,0
2/24/19 22:00,2055,-9.117,0.002,0,0,0
2/24/19 23:00,2056,-9.507,0.002,0,0,0
2/25/19 0:00,2057,-10.279,0.002,0,0,0
2/25/19 1:00,2058,-11.176,0.002,0,0,0
2/25/19 2:00,2059,-11.746,0.001,0,0,0
2/25/19 3:00,2060,-12.239,0.001,0,0,0
2/25/19 4:00,2061,-12.763,0.001,0,0,0
2/25/19 5:00,2062,-12.888,0.001,0.123,0.604,0
2/25/19 6:00,2063,-12.26,0.001,36.847,84.212,886.351
2/25/19 7:00,2064,-9.682,0.001,171.018,294.907,2393.962
2/25/19 8:00,2065,-6.859,0.001,322.941,483.955,3813.074
2/25/19 9:00,2066,-4.572,0.001,439.645,628.494,4135.081
2/25/19 10:00,2067,-3.286,0.001,510.242,718.701,4202.261
2/25/19 11:00,2068,-2.504,0.001,523.615,748.419,4049.326
2/25/19 12:00,2069,-2.237,0.002,479.65,715.681,3591.628
2/25/19 13:00,2070,-2.427,0.002,387.692,622.708,2794.908
2/25/19 14:00,2071,-2.996,0.002,260.433,475.839,1595.121
2/25/19 15:00,2072,-3.79,0.002,126.205,285.12,524.504
2/25/19 16:00,2073,-5.504,0.002,23.459,73.304,71.836
2/25/19 17:00,2074,-7.009,0.002,0.01,0.055,0
2/25/19 18:00,2075,-7.371,0.002,0,0,0
2/25/19 19:00,2076,-7.548,0.002,0,0,0
2/25/19 20:00,2077,-7.72,0.002,0,0,0
2/25/19 21:00,2078,-7.931,0.002,0,0,0
2/25/19 22:00,2079,-8.341,0.002,0,0,0
2/25/19 23:00,2080,-9.478,0.002,0,0,0
2/26/19 0:00,2081,-10.703,0.002,0,0,0
2/26/19 1:00,2082,-11.581,0.001,0,0,0
2/26/19 2:00,2083,-12.158,0.001,0,0,0
2/26/19 3:00,2084,-12.793,0.001,0,0,0
2/26/19 4:00,2085,-13.36,0.001,0,0,0
2/26/19 5:00,2086,-13.967,0.001,0.188,0.825,0
2/26/19 6:00,2087,-13.564,0.001,40.305,89.557,2041.108
2/26/19 7:00,2088,-10.526,0.001,182.213,301.805,3523.582
2/26/19 8:00,2089,-7.341,0.001,345.238,490.966,4181.1
2/26/19 9:00,2090,-5.071,0.001,474.323,635.599,4335.634
2/26/19 10:00,2091,-3.774,0.001,555.386,725.848,4368.006
2/26/19 11:00,2092,-2.988,0.001,585.033,755.603,4269.744
2/26/19 12:00,2093,-2.62,0.001,556.259,722.837,4170.208
2/26/19 13:00,2094,-2.62,0.002,472.59,629.799,3901.168
2/26/19 14:00,2095,-3.057,0.002,341.661,482.846,3395.987
2/26/19 15:00,2096,-4.057,0.002,181.912,292.019,2374.266
2/26/19 16:00,2097,-7.072,0.002,36.778,78.639,592.042
2/26/19 17:00,2098,-9.748,0.002,0.024,0.104,0
2/26/19 18:00,2099,-10.569,0.002,0,0,0
2/26/19 19:00,2100,-11.135,0.001,0,0,0
2/26/19 20:00,2101,-11.507,0.001,0,0,0
2/26/19 21:00,2102,-11.73,0.001,0,0,0
2/26/19 22:00,2103,-11.903,0.001,0,0,0
2/26/19 23:00,2104,-12.087,0.001,0,0,0
2/27/19 0:00,2105,-12.235,0.001,0,0,0
2/27/19 1:00,2106,-12.262,0.001,0,0,0
2/27/19 2:00,2107,-12.344,0.001,0,0,0
2/27/19 3:00,2108,-12.542,0.001,0,0,0
2/27/19 4:00,2109,-12.749,0.001,0,0,0
2/27/19 5:00,2110,-12.91,0.001,0.28,1.098,0
2/27/19 6:00,2111,-12.181,0.001,44.307,95.071,1250.063
2/27/19 7:00,2112,-9.161,0.001,182.55,308.733,2608.725
2/27/19 8:00,2113,-5.973,0.002,332.674,497.996,3298.166
2/27/19 9:00,2114,-2.856,0.002,450.773,642.699,3702.119
2/27/19 10:00,2115,-1.028,0.002,521.512,733.007,3817.192
2/27/19 11:00,2116,-0.045,0.002,529.886,762.777,3571.503
2/27/19 12:00,2117,0.452,0.002,491.411,729.982,3339.341
2/27/19 13:00,2118,0.567,0.002,402.739,636.907,2906.98
2/27/19 14:00,2119,0.147,0.002,278.081,489.87,2046.676
2/27/19 15:00,2120,-1.127,0.002,140.636,298.943,888.218
2/27/19 16:00,2121,-4.349,0.002,28.87,84.163,123.234
2/27/19 17:00,2122,-6.468,0.002,0.041,0.181,0
2/27/19 18:00,2123,-7.329,0.002,0,0,0
2/27/19 19:00,2124,-8.043,0.002,0,0,0
2/27/19 20:00,2125,-8.47,0.002,0,0,0
2/27/19 21:00,2126,-8.508,0.002,0,0,0
2/27/19 22:00,2127,-8.643,0.002,0,0,0
2/27/19 23:00,2128,-9.262,0.002,0,0,0
2/28/19 0:00,2129,-9.795,0.002,0,0,0
2/28/19 1:00,2130,-10.002,0.002,0,0,0
2/28/19 2:00,2131,-10.226,0.002,0,0,0
2/28/19 3:00,2132,-9.995,0.002,0,0,0
2/28/19 4:00,2133,-9.674,0.002,0,0,0
2/28/19 5:00,2134,-9.545,0.002,0.27,1.429,0
2/28/19 6:00,2135,-8.868,0.002,30.132,100.744,237.758
2/28/19 7:00,2136,-6.931,0.002,132.158,315.675,635.145
2/28/19 8:00,2137,-4.786,0.002,276.152,505.039,1796.369
2/28/19 9:00,2138,-2.294,0.002,406.381,649.814,2706.606
2/28/19 10:00,2139,-0.477,0.002,496.933,740.17,3228.772
2/28/19 11:00,2140,0.777,0.002,520.313,769.951,3338.068
2/28/19 12:00,2141,1.558,0.002,485.547,737.147,3165.755
2/28/19 13:00,2142,1.636,0.002,401.858,644.007,2689.124
2/28/19 14:00,2143,1.077,0.002,283.923,496.908,1514.455
2/28/19 15:00,2144,0.053,0.003,149.533,305.893,561.037
2/28/19 16:00,2145,-1.952,0.002,33.991,89.866,70.102
2/28/19 17:00,2146,-3.563,0.002,0.068,0.297,0
2/28/19 18:00,2147,-4.527,0.002,0,0,0
2/28/19 19:00,2148,-6.013,0.002,0,0,0
2/28/19 20:00,2149,-7.254,0.002,0,0,0
2/28/19 21:00,2150,-7.95,0.002,0,0,0
2/28/19 22:00,2151,-8.094,0.002,0,0,0
2/28/19 23:00,2152,-7.993,0.002,0,0,0